"GEOID","NAME","Total_Population","White_Alone","Black_Alone","Asian_Alone","Hispanic_Latino","Percent_White","Percent_Black","Percent_Asian","Percent_Hispanic","Median_Household_Income","Median_Income_Owner_Occupied","Median_Income_Renter_Occupied","Low_Income_Under_35K","Middle_Income_35K_100K","High_Income_100K_Plus","Percent_Low_Income_Under_35K","Percent_High_Income_100K_Plus","Below_Poverty_Level","Percent_Below_Poverty","Percent_Households_Below_Poverty","Children_Below_Poverty","Percent_Children_Below_Poverty","Total_Households","Family_Households","Nonfamily_Living_Alone","Percent_Family_Households","Percent_Single_Person_Households","Households_With_Children_Under_18","Percent_Households_With_Children","Total_Own_Children_Under_18","Children_In_Married_Couple_Families","Children_In_Single_Mother_Families","Percent_Children_Married_Couple","Percent_Children_Single_Parent","Large_Owner_Households_4_Plus","Large_Renter_Households_4_Plus","Percent_Large_Owner_Households","Percent_Large_Renter_Households","Total_Housing_Units","Occupied_Units","Vacant_Units","Percent_Occupied","Percent_Vacant","Owner_Occupied","Renter_Occupied","Percent_Owner_Occupied","Percent_Renter_Occupied","Median_Home_Value","Median_Gross_Rent","Single_Family_Detached","Single_Family_Attached","Mobile_Home","Multi_Family_All_Units","Multi_Family_5_Plus_Units","Multi_Family_10_Plus_Units","Multi_Family_20_Plus_Units","Percent_Single_Family","Percent_Multi_Family_All","Percent_Multi_Family_5_Plus","Percent_Multi_Family_10_Plus","Percent_Multi_Family_20_Plus","Percent_Built_2000_Plus","Percent_Built_Pre_1980","One_Bedroom","Two_Bedrooms","Three_Bedrooms","Four_Bedrooms","Two_Plus_Bedroom_Units","Three_Plus_Bedroom_Units","Percent_Two_Plus_Bedrooms","Percent_Three_Plus_Bedrooms","High_Rent_Burden_30_Plus_Units","High_Rent_Burden_50_Plus_Units","Percent_High_Rent_Burden_30_Plus","Percent_High_Rent_Burden_50_Plus","S2503_Median_Household_Income","S2503_Median_Housing_Costs","S2503_Median_Owner_Costs","S2503_Median_Renter_Costs","Total_Cost_Burden_30_Plus","Percent_Cost_Burden_30_Plus","High_Housing_Costs_1500_Plus","Low_Housing_Costs_Under_800"
"22033000100","Census Tract 1; East Baton Rouge Parish; Louisiana",1120,5,1076,0,0,0.446428571428571,96.0714285714286,0,0,28519,29187,NA,354,148,34,66.044776119403,6.34328358208955,469,41.875,42.3507462686567,183,91.9597989949749,536,326,208,60.8208955223881,38.8059701492537,123,22.9477611940299,192,0,192,0,100,196,616,64.2622950819672,266.666666666667,726,536,190,73.8292011019284,26.1707988980716,305,231,56.9029850746269,43.0970149253731,51500,672,575,0,80,71,0,0,0,79.2011019283747,9.77961432506887,0,0,0,5.09641873278237,71.4876033057851,140,271,293,22,586,315,80.7162534435262,43.3884297520661,98,53,42.4242424242424,22.9437229437229,28519,438,329,329,154,28.7313432835821,18,450
"22033000200","Census Tract 2; East Baton Rouge Parish; Louisiana",6625,102,6244,3,74,1.53962264150943,94.2490566037736,0.0452830188679245,1.11698113207547,22263,42083,20944,1653,637,138,68.0807248764415,5.6836902800659,2949,44.5132075471698,49.341021416804,1082,44.914902449149,2428,1451,817,59.7611202635914,33.6490939044481,839,34.5551894563427,2113,134,1979,6.34169427354472,93.6583057264553,406,3245,71.1033274956217,174.744211093161,2920,2428,492,83.1506849315068,16.8493150684932,571,1857,23.5172981878089,76.4827018121911,110900,653,1323,143,0,1454,1262,953,733,50.2054794520548,49.7945205479452,43.2191780821918,32.6369863013699,25.1027397260274,36.1301369863014,53.5616438356164,618,827,1254,58,2197,1370,75.2397260273973,46.9178082191781,1091,447,58.7506731287022,24.0710823909532,22263,750,776,776,1240,51.0708401976936,91,1459
"22033000300","Census Tract 3; East Baton Rouge Parish; Louisiana",1103,9,1076,0,0,0.815956482320943,97.5521305530372,0,0,25757,55163,NA,333,202,8,61.3259668508287,1.47329650092081,473,43.1963470319635,38.4898710865562,104,56.2162162162162,543,158,378,29.097605893186,69.6132596685083,108,19.8895027624309,152,0,152,0,100,60,593,28.169014084507,179.69696969697,711,543,168,76.3713080168776,23.6286919831224,213,330,39.2265193370166,60.7734806629834,77400,1005,541,8,26,136,16,0,0,77.2151898734177,19.1279887482419,2.25035161744022,0,0,19.2686357243319,71.0267229254571,51,288,341,17,646,358,90.8579465541491,50.351617440225,223,126,67.5757575757576,38.1818181818182,25757,767,464,464,282,51.9337016574586,0,282
"22033000400","Census Tract 4; East Baton Rouge Parish; Louisiana",2260,168,2061,9,38,7.43362831858407,91.1946902654867,0.398230088495575,1.68141592920354,28578,NA,30045,480,250,125,56.140350877193,14.6198830409357,605,26.7699115044248,33.9181286549708,142,50.354609929078,855,386,424,45.1461988304094,49.5906432748538,175,20.4678362573099,254,36,197,14.1732283464567,85.8267716535433,303,748,61.5853658536585,206.060606060606,1087,855,232,78.656853725851,21.343146274149,492,363,57.5438596491228,42.4561403508772,177400,978,1003,5,0,79,25,21,0,92.7322907083717,7.26770929162834,2.29990800367985,1.93192272309108,0,7.91168353265869,82.2447102115915,31,395,436,184,1056,661,97.148114075437,60.8095676172953,233,170,64.1873278236915,46.831955922865,28578,929,816,816,525,61.4035087719298,84,264
"22033000500","Census Tract 5; East Baton Rouge Parish; Louisiana",3024,98,2871,0,7,3.24074074074074,94.9404761904762,0,0.231481481481481,23303,25379,22932,751,325,37,67.4752920035939,3.32434860736748,1689,55.8531746031746,54.4474393530997,567,87.5,1113,648,445,58.2210242587601,39.9820305480683,238,21.3836477987421,542,0,451,0,100,210,1412,57.0652173913043,189.530201342282,1618,1113,505,68.7886279357231,31.2113720642769,368,745,33.0637915543576,66.9362084456424,80900,790,1424,16,5,173,30,30,0,88.9987639060569,10.6922126081582,1.85414091470952,1.85414091470952,0,1.48331273176761,93.6959208899876,77,823,632,55,1510,687,93.3250927070457,42.459826946848,462,333,62.0134228187919,44.6979865771812,23303,704,459,459,597,53.6388140161725,43,638
"22033000601","Census Tract 6.01; East Baton Rouge Parish; Louisiana",2308,11,2297,0,0,0.476603119584055,99.5233968804159,0,0,21678,NA,20515,570,163,165,63.4743875278396,18.3741648106904,973,42.157712305026,50.6681514476615,332,62.2889305816135,898,495,387,55.1224944320713,43.0957683741648,201,22.3830734966592,421,60,361,14.2517814726841,85.7482185273159,259,1014,44.8096885813149,316.875,1183,898,285,75.9087066779374,24.0912933220626,578,320,64.3652561247216,35.6347438752784,96900,996,937,0,0,246,143,118,79,79.2054099746407,20.7945900253593,12.0879120879121,9.97464074387151,6.67793744716822,6.84699915469146,86.8977176669484,80,178,625,195,1033,855,87.3203719357565,72.2738799661877,231,147,72.1875,45.9375,21678,913,723,723,536,59.6881959910913,99,362
"22033000602","Census Tract 6.02; East Baton Rouge Parish; Louisiana",3631,0,3541,0,61,0,97.521343982374,0,1.67997796750207,25699,29031,25099,961,377,119,65.9574468085106,8.16746739876458,863,23.7675571467915,28.0027453671929,175,29.2153589315526,1457,840,617,57.652711050103,42.347288949897,344,23.6101578586136,455,58,371,12.7472527472527,87.2527472527473,533,1635,80.5135951661631,205.660377358491,1755,1457,298,83.019943019943,16.980056980057,662,795,45.4358270418669,54.5641729581331,93900,841,1463,0,47,245,209,160,103,83.3618233618234,13.960113960114,11.9088319088319,9.11680911680912,5.86894586894587,1.1965811965812,85.8689458689459,93,671,738,187,1596,925,90.9401709401709,52.7065527065527,392,330,49.3081761006289,41.5094339622642,25699,658,518,518,533,36.5820178448868,83,870
"22033000701","Census Tract 7.01; East Baton Rouge Parish; Louisiana",2138,6,1853,0,279,0.280636108512629,86.6697848456501,0,13.0495790458372,30849,52500,27944,414,203,60,61.152141802068,8.86262924667651,970,45.3695042095416,38.5524372230428,460,59.5084087968952,677,389,255,57.4593796159527,37.6661742983752,333,49.1875923190547,596,129,266,21.6442953020134,78.3557046979866,225,718,83.955223880597,175.550122249389,858,677,181,78.9044289044289,21.0955710955711,268,409,39.5864106351551,60.4135893648449,126600,887,512,10,79,257,257,176,100,60.8391608391608,29.95337995338,29.95337995338,20.5128205128205,11.6550116550117,16.4335664335664,68.0652680652681,88,238,296,131,690,452,80.4195804195804,52.6806526806527,333,205,81.4180929095355,50.1222493887531,30849,789,553,553,435,64.2540620384047,86,348
"22033000702","Census Tract 7.02; East Baton Rouge Parish; Louisiana",3288,74,3063,47,95,2.25060827250608,93.1569343065693,1.4294403892944,2.88929440389294,41394,50091,39205,413,694,86,34.6186085498743,7.20871751886002,822,25.2147239263804,19.279128248114,198,18.8571428571429,1193,735,427,61.6093880972339,35.7921207041073,508,42.5817267393127,911,41,802,4.50054884742042,95.4994511525796,364,1337,71.7948717948718,194.897959183673,1363,1193,170,87.527512839325,12.472487160675,507,686,42.4979044425817,57.5020955574183,112400,907,924,0,5,434,430,430,304,67.7916360968452,31.8415260454879,31.5480557593544,31.5480557593544,22.3037417461482,9.31768158473955,78.7967718268525,222,293,715,66,1086,793,79.6771826852531,58.1804842259721,325,78,47.3760932944606,11.3702623906706,41394,880,831,831,441,36.9656328583403,81,385
"22033000900","Census Tract 9; East Baton Rouge Parish; Louisiana",3561,37,3225,0,90,1.03903397921932,90.564448188711,0,2.5273799494524,42167,39943,47754,584,507,281,42.5655976676385,20.4810495626822,896,25.1614714967706,26.603498542274,192,28.6995515695067,1372,831,500,60.5685131195335,36.4431486880466,216,15.7434402332362,219,108,111,49.3150684931507,50.6849315068493,621,1418,77.7221526908636,247.469458987784,1823,1372,451,75.2605595172792,24.7394404827208,799,573,58.2361516034985,41.7638483965015,97200,1073,1585,102,13,123,0,0,0,92.5397696105321,6.74712013165112,0,0,0,7.78935820076796,89.6873285792649,224,440,995,115,1550,1110,85.0246845858475,60.8886450905102,289,183,50.4363001745201,31.9371727748691,42167,804,573,573,443,32.2886297376093,37,673
"22033001000","Census Tract 10; East Baton Rouge Parish; Louisiana",2698,121,2553,0,139,4.48480355819125,94.6256486286138,0,5.15196441808747,38125,38167,37900,445,517,113,41.3953488372093,10.5116279069767,548,20.326409495549,16.1860465116279,63,11.731843575419,1075,519,449,48.2790697674419,41.7674418604651,252,23.4418604651163,306,64,242,20.9150326797386,79.0849673202614,241,1259,49.2842535787321,214.846416382253,1390,1075,315,77.3381294964029,22.6618705035971,489,586,45.4883720930233,54.5116279069767,72400,861,1078,0,0,312,95,48,48,77.5539568345324,22.4460431654676,6.83453237410072,3.45323741007194,3.45323741007194,3.02158273381295,75.6115107913669,280,511,561,13,1090,579,78.4172661870504,41.6546762589928,247,140,42.1501706484642,23.8907849829352,38125,682,327,327,271,25.2093023255814,0,639
"22033001102","Census Tract 11.02; East Baton Rouge Parish; Louisiana",4108,632,3204,3,142,15.3846153846154,77.9941577409932,0.0730282375851996,3.45666991236611,28370,103837,26689,1111,380,208,65.3914067098293,12.2424955856386,834,23.2311977715877,29.3702177751619,181,13.4272997032641,1699,770,840,45.3207769276045,49.4408475573867,540,31.7834020011772,938,399,338,42.5373134328358,57.4626865671642,304,2061,95,149.456127628716,1945,1699,246,87.3521850899743,12.6478149100257,320,1379,18.8346085932902,81.1653914067098,182900,909,319,9,81,1536,1394,1066,898,16.8637532133676,78.9717223650386,71.6709511568123,54.8071979434447,46.1696658097686,24.5758354755784,43.8560411311054,806,542,374,152,1100,558,56.5552699228792,28.6889460154242,913,417,66.2073966642495,30.2393038433648,28370,898,690,690,950,55.9152442613302,131,699
"22033001103","Census Tract 11.03; East Baton Rouge Parish; Louisiana",3511,432,1553,0,8,12.3041868413557,44.2324124181145,0,0.227855311876958,31136,60625,27240,624,281,146,59.372026641294,13.8915318744053,1649,51.2589368977308,37.7735490009515,806,58.7463556851312,1051,715,242,68.0304471931494,23.0256898192198,406,38.6298763082778,1070,93,247,8.69158878504673,91.3084112149533,211,1387,52.8822055137845,212.730061349693,1282,1051,231,81.9812792511701,18.01872074883,399,652,37.9638439581351,62.0361560418649,129800,1053,868,0,2,412,396,333,56,67.7067082683307,32.1372854914197,30.8892355694228,25.9750390015601,4.36817472698908,7.02028081123245,79.1731669266771,188,307,628,100,1077,770,84.009360374415,60.0624024960998,490,274,75.1533742331288,42.0245398773006,31136,1020,822,822,560,53.2825880114177,36,385
"22033001104","Census Tract 11.04; East Baton Rouge Parish; Louisiana",3260,231,2804,0,351,7.08588957055215,86.0122699386503,0,10.7668711656442,21339,22917,21305,1089,311,21,76.6361717100633,1.47783251231527,1770,54.5286506469501,47.0795214637579,659,66.9035532994924,1421,599,771,42.1534130893737,54.2575650950035,407,28.6418015482055,761,78,547,10.2496714848883,89.7503285151117,15,1990,36.5853658536585,144.202898550725,2163,1421,742,65.6957928802589,34.3042071197411,41,1380,2.88529204785362,97.1147079521464,98300,830,70,0,16,2077,1837,1404,755,3.23624595469256,96.0240406842349,84.9283402681461,64.9098474341193,34.9052242256126,53.7679149329635,35.6911696717522,888,802,312,18,1132,330,52.3347202958853,15.2565880721221,942,665,68.2608695652174,48.1884057971014,21339,821,279,279,960,67.558057705841,41,663
"22033001600","Census Tract 16; East Baton Rouge Parish; Louisiana",3080,1751,853,25,426,56.8506493506493,27.6948051948052,0.811688311688312,13.8311688311688,59909,83750,53000,388,471,577,27.0194986072423,40.1810584958217,410,13.3681121617216,9.40111420612813,27,4.47761194029851,1436,402,758,27.9944289693593,52.7855153203343,163,11.3509749303621,563,538,25,95.5595026642984,4.4404973357016,213,1432,30.5157593123209,194.037940379404,1887,1436,451,76.0996290408055,23.9003709591945,698,738,48.6072423398329,51.3927576601671,258700,1129,1132,77,17,661,236,161,24,64.0699523052464,35.0291467938527,12.5066242713302,8.53206147323794,1.27186009538951,4.45151033386327,91.4149443561208,279,799,646,162,1608,809,85.214626391097,42.8722840487546,272,49,36.8563685636856,6.63956639566396,59909,1149,1231,1231,447,31.1281337047354,411,310
"22033001700","Census Tract 17; East Baton Rouge Parish; Louisiana",4132,2734,1106,61,59,66.1665053242982,26.7666989351404,1.47628267182962,1.42787996127783,67083,131039,29258,541,505,787,29.5144571740316,42.9350791052919,719,18.8417190775681,16.4757228587016,335,41.6149068322981,1833,907,738,49.4817239498091,40.2618657937807,359,19.5853791598472,792,469,323,59.2171717171717,40.7828282828283,675,1423,64.9038461538462,179.445145018915,2410,1833,577,76.058091286307,23.9419087136929,1040,793,56.7375886524823,43.2624113475177,365400,1015,1412,35,0,963,562,562,532,60.0414937759336,39.9585062240664,23.3195020746888,23.3195020746888,22.0746887966805,3.15352697095436,81.2033195020747,381,873,708,203,1850,977,76.7634854771784,40.5394190871369,390,298,49.1803278688525,37.578814627995,67083,1248,1606,1606,528,28.8052373158756,736,471
"22033001800","Census Tract 18; East Baton Rouge Parish; Louisiana",2507,1573,718,0,128,62.7443159154368,28.6398085360989,0,5.10570402871959,51774,70000,32351,396,503,343,31.8840579710145,27.6167471819646,253,10.0917431192661,12.0772946859903,26,5.55555555555556,1242,552,660,44.4444444444444,53.1400966183575,300,24.1545893719807,450,206,172,45.7777777777778,54.2222222222222,405,1075,60.4477611940298,187.937062937063,1408,1242,166,88.2102272727273,11.7897727272727,670,572,53.9452495974235,46.0547504025765,241400,1221,763,123,0,522,426,331,323,62.9261363636364,37.0738636363636,30.2556818181818,23.5085227272727,22.9403409090909,3.69318181818182,59.7301136363636,92,521,458,217,1196,675,84.9431818181818,47.9403409090909,413,246,72.2027972027972,43.006993006993,51774,1212,1201,1201,598,48.1481481481481,487,268
"22033001900","Census Tract 19; East Baton Rouge Parish; Louisiana",3457,3037,305,22,106,87.8507376337865,8.8226786230836,0.636389933468325,3.06624240671102,88487,146798,76107,182,806,655,11.0772976262934,39.8660986001217,203,5.87214347700318,5.96469872185027,34,5.32915360501567,1643,730,790,44.4309190505173,48.0827754108338,327,19.9026171637249,623,560,46,89.8876404494382,10.1123595505618,674,1043,73.9035087719298,142.681258549932,1709,1643,66,96.1380924517262,3.86190754827384,912,731,55.5082166768107,44.4917833231893,510200,1209,1037,29,0,643,363,141,89,62.3756582796957,37.6243417203043,21.2404915155061,8.25043885313049,5.20772381509655,15.1550614394383,65.3598595669983,269,532,495,307,1419,887,83.0310122878876,51.9016968987712,162,30,22.1614227086183,4.10396716826265,88487,1382,1983,1983,383,23.3110164333536,669,193
"22033002000","Census Tract 20; East Baton Rouge Parish; Louisiana",4015,3345,225,331,280,83.3125778331258,5.60398505603985,8.24408468244085,6.97384806973848,95119,123333,39773,257,514,731,17.1105193075899,48.6684420772304,163,4.05977584059776,9.9866844207723,0,0,1502,1011,378,67.3102529960053,25.1664447403462,417,27.762982689747,888,832,0,93.6936936936937,6.30630630630631,900,798,72.6978998384491,302.272727272727,1726,1502,224,87.0220162224797,12.9779837775203,1238,264,82.4234354194408,17.5765645805593,359800,1148,1201,12,0,513,418,249,226,70.2780996523754,29.7219003476246,24.2178447276941,14.4264194669757,13.0938586326767,9.44380069524913,80.1274623406721,174,297,610,554,1541,1244,89.2815758980301,72.0741599073001,110,32,41.6666666666667,12.1212121212121,95119,1284,1358,1358,339,22.5699067909454,569,464
"22033002200","Census Tract 22; East Baton Rouge Parish; Louisiana",1116,191,899,2,3,17.1146953405018,80.5555555555556,0.17921146953405,0.268817204301075,33849,NA,27596,257,187,35,53.6534446764092,7.30688935281837,399,35.752688172043,30.8977035490605,176,53.4954407294833,479,177,283,36.9519832985386,59.0814196242171,121,25.2609603340292,303,43,250,14.1914191419142,85.8085808580858,139,453,61.5044247787611,179.051383399209,693,479,214,69.1197691197691,30.8802308802309,226,253,47.1816283924843,52.8183716075157,151300,919,530,3,0,160,125,125,117,76.9119769119769,23.0880230880231,18.037518037518,18.037518037518,16.8831168831169,13.1313131313131,65.6565656565657,183,110,266,50,438,328,63.2034632034632,47.3304473304473,114,72,45.0592885375494,28.4584980237154,33849,878,686,686,163,34.0292275574113,87,209
"22033002300","Census Tract 23; East Baton Rouge Parish; Louisiana",2697,2590,35,13,128,96.0326288468669,1.29773822766036,0.482017055988135,4.74601408972933,82888,115125,64808,176,550,553,13.7607505863956,43.2369038311181,146,5.41342232109752,3.90930414386239,0,0,1279,532,594,41.5949960906959,46.4425332290852,204,15.9499609069586,491,353,18,71.8940936863544,28.1059063136456,497,875,58.4018801410106,204.439252336449,1492,1279,213,85.7238605898123,14.2761394101877,851,428,66.5363565285379,33.4636434714621,336200,1568,1015,12,0,459,105,36,0,68.8337801608579,30.7640750670241,7.03753351206434,2.41286863270777,0,2.81501340482574,89.2091152815013,178,590,556,112,1314,724,88.0697050938338,48.5254691689008,223,69,52.1028037383178,16.1214953271028,82888,1515,1465,1465,380,29.7107114933542,651,268
"22033002400","Census Tract 24; East Baton Rouge Parish; Louisiana",1921,601,1012,91,197,31.2857886517439,52.6808953669964,4.7371160853722,10.25507548152,33421,64926,29673,570,353,121,54.5977011494253,11.5900383141762,681,35.450286309214,33.6206896551724,77,36.3207547169811,1044,334,523,31.992337164751,50.095785440613,102,9.77011494252874,183,48,135,26.2295081967213,73.7704918032787,148,1139,53.8181818181818,148.114434330299,1574,1044,530,66.3278271918679,33.6721728081321,275,769,26.3409961685824,73.6590038314176,233800,826,555,90,0,900,723,589,479,40.9783989834816,57.1791613722999,45.9339263024142,37.420584498094,30.4320203303685,27.8271918678526,60.864040660737,567,560,323,44,941,381,59.7839898348158,24.2058449809403,403,260,52.405721716515,33.8101430429129,33421,796,NA,NA,445,42.6245210727969,79,514
"22033002500","Census Tract 25; East Baton Rouge Parish; Louisiana",2689,1007,1272,117,198,37.4488657493492,47.3038304202306,4.35105987355894,7.36333209371514,37055,78603,31905,602,561,184,44.6919079435783,13.6599851521901,1155,42.9527705466716,43.3556050482554,237,57.9462102689486,1347,472,717,35.0408314773571,53.2293986636971,260,19.3021529324425,346,162,161,46.8208092485549,53.1791907514451,117,1637,45.5252918287938,150.183486238532,1949,1347,602,69.1123653155464,30.8876346844536,257,1090,19.079435783222,80.920564216778,140800,1110,689,37,23,1200,1116,966,924,37.2498717290918,61.5700359158543,57.2601334017445,49.5638789122627,47.4089276552078,25.8594150846588,67.2139558748076,386,850,461,138,1500,650,76.9625448948179,33.3504361210877,535,441,49.0825688073394,40.4587155963303,37055,1044,713,713,590,43.8010393466964,156,335
"22033002601","Census Tract 26.01; East Baton Rouge Parish; Louisiana",4287,3364,113,414,334,78.4697923956146,2.6358759038955,9.65710286913926,7.79099603452298,64420,105500,26108,741,579,861,33.9752407152682,39.4773039889959,971,22.6498717051551,31.5910132966529,0,0,2181,794,1072,36.4053186611646,49.1517652453003,323,14.8097203117836,499,444,43,88.9779559118236,11.0220440881764,711,1601,45.6354300385109,256.982343499197,2545,2181,364,85.6974459724951,14.3025540275049,1558,623,71.4351215038973,28.5648784961027,491400,1481,1831,114,0,600,450,434,434,76.4243614931238,23.5756385068762,17.6817288801572,17.0530451866405,17.0530451866405,31.5913555992141,63.0255402750491,260,443,1003,753,2285,1842,89.7838899803536,72.37721021611,386,316,61.9582664526485,50.7223113964687,64420,1551,1669,1669,528,24.2090784044017,1140,362
"22033002602","Census Tract 26.02; East Baton Rouge Parish; Louisiana",4774,3788,682,36,135,79.3464599916213,14.2857142857143,0.754084625052367,2.82781734394638,61508,114547,NA,821,554,1005,34.4957983193277,42.2268907563025,693,14.5161290322581,11.7226890756303,197,18.3085501858736,2380,938,1370,39.4117647058824,57.563025210084,446,18.7394957983193,984,835,149,84.8577235772358,15.1422764227642,747,1865,73.5960591133005,136.630036630037,2940,2380,560,80.9523809523809,19.047619047619,1015,1365,42.6470588235294,57.3529411764706,442800,1636,1536,91,0,1313,1030,794,679,55.3401360544218,44.6598639455782,35.0340136054422,27.0068027210884,23.0952380952381,27.4149659863946,21.3605442176871,465,808,1057,375,2297,1489,78.1292517006803,50.6462585034014,864,650,63.2967032967033,47.6190476190476,61508,1589,1839,1839,1062,44.6218487394958,1477,372
"22033002700","Census Tract 27; East Baton Rouge Parish; Louisiana",1559,653,651,5,193,41.8858242463117,41.7575368826171,0.32071840923669,12.3797305965362,71923,80762,56940,96,243,245,16.4383561643836,41.9520547945205,112,7.18409236690186,11.6438356164384,0,0,584,355,175,60.7876712328767,29.9657534246575,139,23.8013698630137,238,173,10,72.6890756302521,27.3109243697479,391,355,86.6962305986696,266.917293233083,670,584,86,87.1641791044776,12.8358208955224,451,133,77.2260273972603,22.7739726027397,252100,NA,619,22,0,29,29,29,0,95.6716417910448,4.32835820895522,4.32835820895522,4.32835820895522,0,8.2089552238806,85.9701492537313,68,202,321,37,602,400,89.8507462686567,59.7014925373134,59,30,44.3609022556391,22.5563909774436,71923,991,1028,1028,143,24.486301369863,225,191
"22033002801","Census Tract 28.01; East Baton Rouge Parish; Louisiana",4060,1878,1191,498,362,46.256157635468,29.3349753694581,12.2660098522167,8.91625615763547,NA,71094,NA,425,111,28,75.354609929078,4.9645390070922,829,73.7544483985765,72.3404255319149,45,100,564,114,232,20.2127659574468,41.1347517730496,26,4.60992907801418,45,0,0,0,100,8,662,34.7826086956522,122.365988909427,1343,564,779,41.9955323901713,58.0044676098287,23,541,4.07801418439716,95.9219858156028,264100,990,91,0,0,1252,1223,1161,1141,6.77587490692479,93.2241250930752,91.0647803425168,86.4482501861504,84.9590469099032,55.4728220402085,27.0290394638868,381,354,272,82,719,365,53.5368577810871,27.1779597915115,204,183,37.7079482439926,33.826247689464,NA,987,NA,NA,204,36.1702127659575,26,112
"22033002802","Census Tract 28.02; East Baton Rouge Parish; Louisiana",5377,3183,1345,351,466,59.1965780174819,25.0139482983076,6.52780360795983,8.66654268179282,27778,97344,27604,516,155,33,73.2954545454545,4.6875,337,33.1041257367387,32.2443181818182,0,0,704,187,344,26.5625,48.8636363636364,21,2.98295454545455,12,12,0,100,0,15,861,34.8837209302326,130.257186081694,853,704,149,82.5322391559203,17.4677608440797,43,661,6.10795454545455,93.8920454545455,758900,892,28,7,0,818,685,437,251,4.1031652989449,95.8968347010551,80.3048065650645,51.2309495896835,29.4255568581477,6.3305978898007,60.1406799531067,473,219,53,0,278,59,32.5908558030481,6.91676436107855,388,149,58.6989409984871,22.5416036308623,27778,896,1169,1169,402,57.1022727272727,7,46
"22033003000","Census Tract 30; East Baton Rouge Parish; Louisiana",4652,279,4100,21,127,5.99742046431642,88.134135855546,0.451418744625967,2.73000859845228,22339,NA,16194,595,228,129,62.5,13.5504201680672,1045,43.4692179700499,43.0672268907563,350,45.3367875647668,952,635,283,66.7016806722689,29.7268907563025,292,30.672268907563,661,31,630,4.68986384266263,95.3101361573374,299,1140,71.1904761904762,214.285714285714,1107,952,155,85.9981933152665,14.0018066847335,420,532,44.1176470588235,55.8823529411765,116100,759,618,27,0,462,296,289,289,58.2655826558266,41.7344173441734,26.7389340560072,26.1065943992773,26.1065943992773,4.69738030713641,68.2926829268293,168,307,427,137,939,632,84.8238482384824,57.0912375790425,318,233,59.7744360902256,43.796992481203,22339,664,494,494,441,46.3235294117647,30,608
"22033003104","Census Tract 31.04; East Baton Rouge Parish; Louisiana",5786,239,5268,1,72,4.1306602143104,91.047355686139,0.0172830971310059,1.24438299343242,23119,29357,17917,1175,650,72,61.9399051133368,3.79546652609383,2162,43.0334394904459,45.9673168160253,833,54.5157068062827,1897,1038,816,54.7179757511861,43.0152872957301,573,30.2055877701634,1329,264,993,19.8645598194131,80.1354401805869,403,2418,57.653791130186,201.836393989983,2212,1897,315,85.7594936708861,14.2405063291139,699,1198,36.8476541908276,63.1523458091724,104700,793,1385,25,52,745,386,11,11,63.74321880651,33.6799276672694,17.4502712477396,0.497287522603978,0.497287522603978,8.04701627486438,85.7142857142857,361,783,847,172,1851,1068,83.6799276672694,48.2820976491863,589,388,49.1652754590985,32.3873121869783,23119,674,397,397,725,38.2182393252504,59,1112
"22033003201","Census Tract 32.01; East Baton Rouge Parish; Louisiana",3616,430,2690,0,46,11.891592920354,74.391592920354,0,1.27212389380531,46135,60764,29389,396,435,258,36.3636363636364,23.6914600550964,1004,27.7654867256637,20.3856749311295,582,58.2582582582583,1089,689,337,63.2690541781451,30.9458218549128,347,31.8640955004591,649,29,620,4.46841294298921,95.5315870570108,620,703,66.3101604278075,456.493506493506,1236,1089,147,88.1067961165049,11.8932038834951,935,154,85.8585858585859,14.1414141414141,158900,894,1187,0,49,0,0,0,0,96.0355987055016,0,0,0,0,4.69255663430421,80.0161812297735,0,111,913,208,1236,1125,100,91.0194174757282,52,0,33.7662337662338,0,46135,1084,1120,1120,333,30.5785123966942,181,243
"22033003202","Census Tract 32.02; East Baton Rouge Parish; Louisiana",3178,587,2399,0,1,18.470736312146,75.4877281308999,0,0.0314663310258024,59612,61429,NA,300,564,327,25.1889168765743,27.455919395466,458,14.4342893161046,18.639798488665,140,24.390243902439,1191,725,407,60.8732157850546,34.1729638958858,285,23.9294710327456,343,83,242,24.198250728863,75.801749271137,707,713,70.8416833667335,369.430051813471,1284,1191,93,92.7570093457944,7.24299065420561,998,193,83.7951301427372,16.2048698572628,208700,1945,1188,31,31,34,0,0,0,94.9376947040498,2.64797507788162,0,0,0,8.64485981308411,46.6510903426791,0,185,692,398,1284,1099,100,85.5919003115265,109,109,56.4766839378238,56.4766839378238,59612,1182,1074,1074,367,30.8144416456759,386,368
"22033003300","Census Tract 33; East Baton Rouge Parish; Louisiana",4953,64,4273,1,18,1.29214617403594,86.2709469008682,0.0201897839693115,0.363416111447608,31382,41667,29865,988,454,388,53.9890710382514,21.2021857923497,2020,40.7833636180093,34.3169398907104,512,62.287104622871,1830,887,649,48.4699453551913,35.4644808743169,431,23.551912568306,405,107,298,26.4197530864197,73.5802469135803,396,2068,47.5961538461538,207.214428857715,2267,1830,437,80.7234230260256,19.2765769739744,832,998,45.4644808743169,54.5355191256831,116400,1159,1770,44,43,410,387,361,175,80.0176444640494,18.0855756506396,17.0710189677989,15.9241288045876,7.71945302161447,16.3652404058227,79.7088663431848,75,604,1279,265,2156,1552,95.1036612262902,68.4605205116895,508,225,50.9018036072144,22.5450901803607,31382,981,549,549,759,41.4754098360656,180,703
"22033003400","Census Tract 34; East Baton Rouge Parish; Louisiana",6401,120,6241,17,23,1.87470707701922,97.5003905639744,0.265583502577722,0.359318856428683,33002,36635,26512,1271,705,160,59.5037453183521,7.49063670411985,1260,20.4944697462589,27.434456928839,397,23.7866986219293,2136,1267,771,59.3164794007491,36.0955056179775,682,31.9288389513109,639,68,489,10.641627543036,89.358372456964,612,2283,61.3226452905812,200.615114235501,2577,2136,441,82.8870779976717,17.1129220023283,998,1138,46.7228464419476,53.2771535580524,130500,847,1785,19,0,773,500,500,438,70.0038804811797,29.9961195188203,19.4024058983314,19.4024058983314,16.9965075669383,21.4202561117579,57.0430733410943,259,503,1487,226,2216,1713,85.9914629414047,66.4726426076834,644,351,56.5905096660808,30.8435852372583,33002,821,549,549,1002,46.9101123595506,62,986
"22033003501","Census Tract 35.01; East Baton Rouge Parish; Louisiana",3030,398,1743,0,1094,13.1353135313531,57.5247524752475,0,36.1056105610561,49892,71184,48796,272,481,310,25.587958607714,29.1627469426152,833,27.4917491749175,18.8146754468485,416,53.4017971758665,1063,625,430,58.7958607714017,40.4515522107244,336,31.6086547507056,569,359,116,63.0931458699473,36.9068541300527,416,894,73.4982332155477,179.879275653924,1239,1063,176,85.7949959644875,14.2050040355125,566,497,53.2455315145814,46.7544684854186,148200,1021,636,52,370,159,0,0,0,55.5286521388216,12.8329297820823,0,0,0,13.0750605326877,43.3414043583535,0,460,505,209,1178,718,95.0766747376917,57.9499596448749,78,46,15.6941649899396,9.25553319919517,49892,957,889,889,179,16.8391345249294,82,253
"22033003504","Census Tract 35.04; East Baton Rouge Parish; Louisiana",6738,0,6738,0,100,0,100,0,1.48411991688928,41577,41489,NA,897,1018,404,38.6804657179819,17.4213022854679,2328,34.5503116651825,31.1341095299698,590,27.9223852342641,2319,1989,291,85.7697283311772,12.5485122897801,1057,45.5799913755929,1675,178,1417,10.6268656716418,89.3731343283582,1783,1545,97.967032967033,309.619238476954,2636,2319,317,87.9742033383915,12.0257966616085,1820,499,78.4821043553256,21.5178956446744,127300,1236,2525,14,62,35,18,0,0,96.3201820940819,1.32776934749621,0.682852807283763,0,0,15.4779969650986,62.7086494688923,0,89,2229,297,2615,2526,99.2033383915023,95.8270106221548,261,180,52.3046092184369,36.0721442885772,41577,1061,993,993,1168,50.3665373005606,386,839
"22033003505","Census Tract 35.05; East Baton Rouge Parish; Louisiana",2713,146,2400,0,182,5.38149649834132,88.4629561371176,0,6.70844084039808,47212,48477,43750,385,462,132,39.3258426966292,13.4831460674157,680,25.06450423885,28.0898876404494,114,20.6521739130435,979,542,424,55.3626149131767,43.3094994892748,240,24.514811031665,185,70,115,37.8378378378378,62.1621621621622,413,890,65.6597774244833,254.285714285714,1320,979,341,74.1666666666667,25.8333333333333,629,350,64.2492339121553,35.7507660878447,125900,933,888,0,94,338,338,314,201,67.2727272727273,25.6060606060606,25.6060606060606,23.7878787878788,15.2272727272727,10,80.9848484848485,222,188,740,31,972,784,73.6363636363636,59.3939393939394,130,43,37.1428571428571,12.2857142857143,47212,844,763,763,336,34.3207354443309,151,470
"22033003506","Census Tract 35.06; East Baton Rouge Parish; Louisiana",5179,511,4548,15,0,9.86676964664993,87.8161807298706,0.28963120293493,0,53448,53807,53087,598,1294,230,28.1809613572102,10.8388312912347,1021,19.7142305464375,18.8501413760603,356,26.2730627306273,2122,1386,736,65.315739868049,34.684260131951,757,35.6738925541942,989,654,306,66.1274014155713,33.8725985844287,982,1802,71.0050614605929,243.843031123139,2526,2122,404,84.006334125099,15.993665874901,1383,739,65.1743638077286,34.8256361922714,191200,985,1941,12,0,573,361,336,129,77.3159144893112,22.6840855106888,14.2913697545527,13.3016627078385,5.10688836104513,3.12747426761679,68.8440221694378,124,423,1417,455,2402,1979,95.0910530482977,78.3452098178939,238,94,32.2056833558863,12.7198917456022,53448,1035,1082,1082,603,28.4165881244109,497,644
"22033003507","Census Tract 35.07; East Baton Rouge Parish; Louisiana",4677,223,4320,0,146,4.76801368398546,92.3669018601668,0,3.12165918323712,62106,71836,37481,305,969,413,18.0794309425015,24.4813278008299,463,9.8995082317725,8.77296976882039,120,10.3986135181976,1687,1255,393,74.3924125666864,23.2957913455839,531,31.4759928867813,819,449,359,54.8229548229548,45.1770451770452,1006,1114,76.793893129771,295.490716180371,1749,1687,62,96.4551172098342,3.54488279016581,1310,377,77.6526378186129,22.3473621813871,165700,1178,1579,43,0,127,127,98,62,92.7387078330475,7.26129216695254,7.26129216695254,5.60320182961692,3.54488279016581,11.8353344768439,55.5174385363065,0,104,1424,193,1749,1645,100,94.0537449971412,272,124,72.1485411140583,32.8912466843501,62106,1121,1081,1081,645,38.2335506816835,411,396
"22033003601","Census Tract 36.01; East Baton Rouge Parish; Louisiana",3240,425,2165,196,190,13.1172839506173,66.820987654321,6.04938271604938,5.8641975308642,41402,56125,22467,486,472,181,42.6690079016681,15.891132572432,1043,32.2112415071032,28.7971905179982,261,31.9461444308446,1139,756,365,66.3740122914838,32.0456540825285,337,29.5873573309921,584,200,384,34.2465753424658,65.7534246575342,498,1109,82.0428336079077,208.458646616541,1323,1139,184,86.0922146636432,13.9077853363568,607,532,53.2923617208077,46.7076382791923,197800,895,722,21,76,504,504,414,350,56.1602418745276,38.0952380952381,38.0952380952381,31.2925170068027,26.4550264550265,3.7037037037037,77.4754346182918,262,323,424,273,1049,726,79.2894935752079,54.875283446712,382,236,71.8045112781955,44.3609022556391,41402,929,1281,1281,596,52.3266022827041,166,426
"22033003603","Census Tract 36.03; East Baton Rouge Parish; Louisiana",2417,553,1594,8,459,22.879602813405,65.9495242035581,0.330988829127017,18.9904840711626,32371,77200,20313,410,287,117,50.3685503685504,14.3734643734644,611,25.8241758241758,27.5184275184275,137,35.9580052493438,814,510,280,62.6535626535627,34.3980343980344,243,29.8525798525799,227,53,123,23.3480176211454,76.6519823788546,345,779,91.2698412698413,178.669724770642,1042,814,228,78.1190019193858,21.8809980806142,378,436,46.4373464373464,53.5626535626536,126400,822,562,21,0,459,380,335,210,55.9500959692898,44.0499040307102,36.468330134357,32.1497120921305,20.1535508637236,9.69289827255278,72.4568138195777,202,250,468,55,791,541,75.9117082533589,51.9193857965451,242,116,55.5045871559633,26.605504587156,32371,860,1076,1076,297,36.4864864864865,180,343
"22033003604","Census Tract 36.04; East Baton Rouge Parish; Louisiana",6884,251,3624,279,2226,3.64613596746078,52.643811737362,4.05287623474724,32.3358512492737,35819,58884,33765,964,805,271,47.2549019607843,13.2843137254902,2716,39.4538059267867,38.4803921568627,1528,51.1378848728246,2040,1573,347,77.1078431372549,17.0098039215686,1129,55.343137254902,2792,389,2335,13.932664756447,86.067335243553,652,2517,94.0836940836941,186.859688195991,2395,2040,355,85.1774530271399,14.8225469728601,693,1347,33.9705882352941,66.0294117647059,139500,940,813,53,0,1529,673,564,290,36.1586638830898,63.8413361169102,28.1002087682672,23.5490605427975,12.1085594989562,0,61.2526096033403,317,760,1073,148,1981,1221,82.713987473904,50.9812108559499,924,501,68.5968819599109,37.1937639198218,35819,937,894,894,1036,50.7843137254902,149,432
"22033003701","Census Tract 37.01; East Baton Rouge Parish; Louisiana",5855,3161,1460,443,471,53.9880444064902,24.935952177626,7.56618274978651,8.04440649017933,59072,84191,42899,589,1019,776,24.7063758389262,32.5503355704698,871,14.8838004101162,13.4647651006711,394,28.4682080924855,2384,1306,849,54.7818791946309,35.6124161073826,735,30.8305369127517,1189,563,559,47.3507148864592,52.6492851135408,911,2112,53.9372409709888,303.884892086331,2623,2384,239,90.8882958444529,9.11170415554708,1689,695,70.8473154362416,29.1526845637584,212000,1139,1901,62,0,660,442,309,309,74.837971788029,25.162028211971,16.8509340449867,11.7804041174228,11.7804041174228,0.648112847884102,73.0080060998856,0,557,1517,504,2578,2021,98.2844071673656,77.0491803278689,409,186,58.8489208633094,26.7625899280576,59072,975,762,762,612,25.6711409395973,605,902
"22033003702","Census Tract 37.02; East Baton Rouge Parish; Louisiana",4249,1352,2613,262,12,31.8192515886091,61.496822781831,6.166156742763,0.282419392798306,63789,85649,25868,525,577,431,34.2465753424658,28.1148075668624,753,18.1577043646009,12.2635355512068,331,28.363324764353,1533,1074,326,70.0587084148728,21.2654924983692,503,32.8114807566862,1124,341,783,30.3380782918149,69.661921708185,644,1416,71.1602209944751,225.477707006369,1555,1533,22,98.5852090032154,1.41479099678457,905,628,59.0345727332029,40.9654272667971,214200,1116,1033,46,0,476,379,254,189,69.3890675241158,30.6109324758842,24.3729903536977,16.3344051446945,12.1543408360129,7.97427652733119,66.9453376205788,170,344,483,476,1355,1011,87.1382636655948,65.016077170418,440,331,70.0636942675159,52.7070063694268,63789,1164,1238,1238,644,42.0091324200913,500,341
"22033003703","Census Tract 37.03; East Baton Rouge Parish; Louisiana",7488,2714,3552,704,383,36.2446581196581,47.4358974358974,9.4017094017094,5.11485042735043,102028,105821,22672,455,833,1361,17.1762929407324,51.3778784446961,649,8.78808395396073,8.90902227255568,248,12.7310061601643,2649,1975,633,74.556436391091,23.8958097395243,1226,46.2816157040393,1521,1380,141,90.7297830374753,9.27021696252466,1899,1027,77.6369582992641,505.911330049261,2711,2649,62,97.7130210254519,2.28697897454814,2446,203,92.3367308418271,7.6632691581729,236600,1198,2565,12,69,65,34,34,34,95.0571744743637,2.39763924751014,1.25414976023608,1.25414976023608,1.25414976023608,1.29103651789008,81.4828476576909,34,85,1213,1313,2677,2592,98.7458502397639,95.6104758391737,83,44,40.8866995073892,21.6748768472906,102028,1478,1490,1490,491,18.5352963382408,1247,625
"22033003804","Census Tract 38.04; East Baton Rouge Parish; Louisiana",4516,3681,566,0,241,81.5101860053144,12.533215234721,0,5.33658104517272,52569,101636,36042,660,1067,793,26.1904761904762,31.468253968254,597,13.4157303370787,14.1269841269841,96,15.5591572123177,2520,857,1537,34.0079365079365,60.9920634920635,309,12.2619047619048,617,472,96,76.4991896272285,23.5008103727715,579,2343,44.5384615384615,192.049180327869,3015,2520,495,83.5820895522388,16.4179104477612,1300,1220,51.5873015873016,48.4126984126984,214900,1248,1119,315,0,1581,1062,974,589,47.5621890547264,52.4378109452736,35.2238805970149,32.3051409618574,19.5356550580431,16.318407960199,40.8955223880597,681,755,914,254,1958,1203,64.9419568822554,39.9004975124378,774,237,63.4426229508197,19.4262295081967,52569,1206,1125,1125,1057,41.9444444444444,811,442
"22033003806","Census Tract 38.06; East Baton Rouge Parish; Louisiana",3800,1175,2217,143,107,30.9210526315789,58.3421052631579,3.76315789473684,2.81578947368421,60318,98542,47218,564,631,495,33.3727810650888,29.2899408284024,984,26.3312817768263,25.3254437869822,249,41.9898819561551,1690,832,690,49.2307692307692,40.8284023668639,266,15.7396449704142,489,129,208,26.3803680981595,73.6196319018405,656,1374,78.3751493428913,161.078546307151,1861,1690,171,90.8113917248791,9.1886082751209,837,853,49.5266272189349,50.4733727810651,432700,1102,860,12,0,989,750,641,121,46.856528747985,53.1434712520151,40.3009134873724,34.4438473938743,6.50188070929608,21.3326168726491,40.1934443847394,473,365,428,368,1300,935,69.8549167114455,50.2418054809242,309,143,36.2250879249707,16.7643610785463,60318,1160,1416,1416,523,30.9467455621302,430,269
"22033003807","Census Tract 38.07; East Baton Rouge Parish; Louisiana",3529,2202,1060,107,29,62.3972796826296,30.036837631057,3.03202040238028,0.821762538962879,67344,95313,62596,426,822,487,24.5533141210375,28.0691642651297,521,14.7633890620572,15.6195965417867,76,14.0740740740741,1735,798,839,45.9942363112392,48.35734870317,289,16.657060518732,540,365,127,67.5925925925926,32.4074074074074,402,1764,63.6075949367089,159.927470534905,2538,1735,803,68.360914105595,31.639085894405,632,1103,36.4265129682997,63.5734870317003,571400,1434,560,86,0,1892,1728,1364,910,25.4531126871552,74.5468873128448,68.0851063829787,53.7431048069346,35.8550039401103,38.6524822695035,15.6422379826635,921,632,439,338,1470,838,57.919621749409,33.0181245074862,445,190,40.3445149592022,17.2257479601088,67344,1421,1341,1341,531,30.6051873198847,711,182
"22033003808","Census Tract 38.08; East Baton Rouge Parish; Louisiana",2437,1712,563,54,108,70.250307755437,23.1021748050882,2.21583914649159,4.43167829298318,85230,79360,85893,149,796,403,11.053412462908,29.8961424332344,120,5.46946216955333,4.52522255192878,39,12.2257053291536,1348,397,850,29.4510385756677,63.0563798219585,222,16.4688427299703,288,157,131,54.5138888888889,45.4861111111111,205,1369,34.804753820034,180.368906455863,1502,1348,154,89.7470039946738,10.2529960053262,589,759,43.6943620178042,56.3056379821958,178100,1193,284,246,0,972,734,470,221,35.2862849533955,64.7137150466045,48.8681757656458,31.2916111850865,14.7137150466045,7.85619174434088,56.5912117177097,260,770,361,63,1194,424,79.4940079893475,28.2290279627164,149,63,19.631093544137,8.300395256917,85230,1111,934,934,266,19.7329376854599,134,326
"22033003809","Census Tract 38.09; East Baton Rouge Parish; Louisiana",2840,2099,373,122,194,73.9084507042253,13.1338028169014,4.29577464788732,6.83098591549296,81365,131705,49587,189,711,658,12.1309370988447,42.2336328626444,127,4.47183098591549,4.74967907573813,0,0,1558,715,749,45.8921694480103,48.0744544287548,184,11.8100128369705,320,267,53,83.4375,16.5625,539,1268,67.2069825436409,167.724867724868,1669,1558,111,93.3493109646495,6.65068903535051,802,756,51.4762516046213,48.5237483953787,338100,1206,817,48,0,804,794,517,506,51.8274415817855,48.1725584182145,47.5733972438586,30.9766327142001,30.3175554224086,23.9664469742361,51.2282804074296,277,463,608,136,1309,846,78.4301977231875,50.6890353505093,335,242,44.3121693121693,32.010582010582,81365,1306,1470,1470,369,23.6842105263158,676,235
"22033003810","Census Tract 38.10; East Baton Rouge Parish; Louisiana",2621,2025,360,47,12,77.2605875619992,13.7352155665776,1.79320869896986,0.457840518885921,91563,130853,65191,134,444,540,11.9856887298748,48.3005366726297,109,4.15871804654712,1.6994633273703,49,9.33333333333333,1118,717,304,64.1323792486583,27.1914132379249,314,28.0858676207513,510,403,107,79.0196078431373,20.9803921568627,533,777,71.3520749665328,209.433962264151,1335,1118,217,83.7453183520599,16.2546816479401,747,371,66.8157423971377,33.1842576028623,285900,1304,874,48,0,413,222,49,49,69.063670411985,30.936329588015,16.6292134831461,3.67041198501873,3.67041198501873,18.0524344569288,44.7191011235955,27,343,505,398,1294,951,96.9288389513109,71.2359550561798,145,43,39.0835579514825,11.5902964959569,91563,1158,1049,1049,217,19.4096601073345,409,306
"22033003811","Census Tract 38.11; East Baton Rouge Parish; Louisiana",4516,1934,2075,40,256,42.8255093002657,45.947741364039,0.885739592559788,5.66873339238264,90125,129375,59539,277,594,852,16.0766105629716,49.4486360998259,639,14.2,8.00928612884504,131,9.85703536493604,1723,1068,529,61.9849100406268,30.702263493906,667,38.711549622751,1069,273,740,25.5378858746492,74.4621141253508,817,1509,84.2268041237113,200.398406374502,2094,1723,371,82.2827125119389,17.7172874880611,970,753,56.2971561230412,43.7028438769588,312800,1436,995,0,9,1090,938,886,767,47.5167144221585,52.0534861509074,44.7946513849093,42.3113658070678,36.6284622731614,57.3065902578797,17.7172874880611,480,434,769,299,1547,1113,73.8777459407832,53.1518624641834,498,139,66.1354581673307,18.4594953519256,90125,1253,1061,1061,593,34.4167150319211,517,346
"22033003907","Census Tract 39.07; East Baton Rouge Parish; Louisiana",6492,3031,2933,61,349,46.6882316697474,45.1786814540974,0.939617991373999,5.3758471965496,89341,163861,46473,611,874,1148,23.2054690467148,43.6004557538929,755,11.6296980899569,11.2799088492214,143,11.2244897959184,2633,1622,942,61.6027345233574,35.7766805924801,549,20.850740600076,1245,1026,187,82.4096385542169,17.5903614457831,1048,2266,80.6774441878368,169.865067466267,2937,2633,304,89.6493020088526,10.3506979911474,1299,1334,49.3353589061907,50.6646410938094,317000,1135,1327,144,0,1466,1129,629,402,50.0851208716377,49.9148791283623,38.4405856315969,21.4164113040518,13.6874361593463,6.46918624446714,41.6751787538304,597,843,368,903,2211,1368,75.2808988764045,46.5781409601634,687,333,51.4992503748126,24.9625187406297,89341,1201,1661,1661,922,35.0170907709837,871,294
"22033003908","Census Tract 39.08; East Baton Rouge Parish; Louisiana",4492,2943,773,417,259,65.5164737310775,17.2083704363313,9.28317008014247,5.76580587711487,79159,77933,86530,315,943,826,15.1151631477927,39.6353166986564,320,7.12377560106857,10.4606525911708,1,0.15220700152207,2084,1214,814,58.2533589251439,39.0595009596929,482,23.1285988483685,513,329,177,64.1325536062378,35.8674463937622,892,1680,58.4534731323722,301.075268817204,2159,2084,75,96.5261695229273,3.47383047707272,1526,558,73.2245681381958,26.7754318618042,224300,1423,1586,157,0,416,416,235,103,80.73182028717,19.26817971283,19.26817971283,10.8846688281612,4.7707271885132,38.3974062065771,24.7799907364521,176,400,1368,215,1983,1583,91.8480778138027,73.3209819360815,179,76,32.078853046595,13.6200716845878,79159,1347,1300,1300,645,30.9500959692898,714,447
"22033003909","Census Tract 39.09; East Baton Rouge Parish; Louisiana",3817,1967,1331,113,268,51.5326172386691,34.8703170028818,2.96044013623264,7.02122085407388,48272,64667,36815,716,1131,215,34.7235693501455,10.4267701260912,692,18.6875506346206,11.9786614936954,105,15.3061224489796,2062,741,1185,35.9359844810863,57.4684772065955,395,19.1561590688652,668,73,358,10.9281437125749,89.0718562874251,595,1965,64.9563318777293,171.465968586387,2369,2062,307,87.0409455466442,12.9590544533558,916,1146,44.4228903976722,55.5771096023278,179100,1138,735,208,0,1426,1126,827,306,39.8058252427184,60.1941747572816,47.5306036302237,34.9092444069228,12.916842549599,21.6969185310257,29.1684254959899,457,893,808,70,1771,878,74.7572815533981,37.0620514985226,629,331,54.8865619546248,28.8830715532286,48272,1042,692,692,827,40.1066925315228,286,563
"22033003910","Census Tract 39.10; East Baton Rouge Parish; Louisiana",3350,560,1259,395,1179,16.7164179104478,37.5820895522388,11.7910447761194,35.1940298507463,47250,82841,45556,363,880,132,26.4,9.6,488,15.6913183279743,14.6909090909091,164,14.9771689497717,1375,750,557,54.5454545454545,40.5090909090909,441,32.0727272727273,723,195,366,26.9709543568465,73.0290456431535,193,1789,84.2794759825327,156.108202443281,1549,1375,174,88.7669464170433,11.2330535829567,229,1146,16.6545454545455,83.3454545454545,NA,993,222,11,118,1198,966,643,318,15.0419625564881,77.3402194964493,62.3628147191737,41.51065203357,20.5293737895416,16.2040025823112,26.468689477082,453,793,292,0,1085,292,70.0451904454487,18.8508715300194,469,192,40.9249563699825,16.7539267015707,47250,979,547,547,514,37.3818181818182,113,237
"22033003911","Census Tract 39.11; East Baton Rouge Parish; Louisiana",4893,1788,2689,229,103,36.5419987737584,54.9560596770897,4.68015532393215,2.10504802779481,73486,73437,128438,229,1032,354,14.1795665634675,21.9195046439628,298,6.09033312895974,13.8080495356037,41,2.38788584740827,1615,1063,365,65.8204334365325,22.6006191950464,753,46.625386996904,1717,1588,7,92.4868957483984,7.51310425160163,1065,718,68.7984496124031,1071.64179104478,1692,1615,77,95.4491725768322,4.55082742316785,1548,67,95.8513931888545,4.14860681114551,217500,1636,1576,61,28,27,0,0,0,96.7494089834515,1.59574468085106,0,0,0,19.8581560283688,14.5390070921986,0,312,1277,90,1692,1380,100,81.5602836879433,26,0,38.8059701492537,0,73486,1519,1515,1515,245,15.1702786377709,853,270
"22033003912","Census Tract 39.12; East Baton Rouge Parish; Louisiana",3397,878,1784,0,894,25.8463350014719,52.5169267000294,0,26.317338828378,37870,NA,37049,605,703,108,42.725988700565,7.6271186440678,406,12.273276904474,19.9152542372881,62,5.68807339449541,1416,814,469,57.4858757062147,33.1214689265537,586,41.3841807909604,855,261,559,30.5263157894737,69.4736842105263,18,2194,21.6867469879518,164.591147786947,1795,1416,379,78.8857938718663,21.1142061281337,83,1333,5.86158192090396,94.138418079096,198200,1088,54,1,0,1740,1090,701,185,3.06406685236769,96.9359331476323,60.7242339832869,39.0529247910864,10.3064066852368,33.5376044568245,27.9108635097493,291,959,235,24,1218,259,67.8551532033426,14.4289693593315,644,343,48.3120780195049,25.7314328582146,37870,1085,NA,NA,645,45.5508474576271,9,244
"22033003913","Census Tract 39.13; East Baton Rouge Parish; Louisiana",6324,3515,1345,47,114,55.5819101834282,21.2681846932321,0.743200506008855,1.80265654648956,75189,112826,63696,337,1280,996,12.8970531955607,38.1171067738232,640,10.1201771030993,5.54917719096824,352,19.2034915439171,2613,1529,728,58.5151167240719,27.8606965174129,487,18.6375813241485,1794,1708,74,95.20624303233,4.79375696767001,1180,1888,79.8376184032476,166.343612334802,2827,2613,214,92.4301379554298,7.56986204457022,1478,1135,56.5633371603521,43.4366628396479,294900,1188,1615,65,0,1147,525,455,82,59.4269543685886,40.5730456314114,18.5709232401839,16.0948001414927,2.90060134418111,27.3788468340998,13.9016625397948,600,514,787,913,2227,1713,78.7760877255041,60.5942695436859,354,79,31.1894273127753,6.96035242290749,75189,1206,1284,1284,611,23.3830845771144,985,428
"22033003914","Census Tract 39.14; East Baton Rouge Parish; Louisiana",3301,1982,911,155,396,60.0424113904877,27.5976976673735,4.69554680399879,11.9963647379582,84950,108000,58472,125,763,563,8.61474844934528,38.8008270158511,333,10.2209944751381,6.13370089593384,45,6.5123010130246,1451,959,347,66.092350103377,23.9145416953825,510,35.1481736733287,648,395,150,60.9567901234568,39.0432098765432,646,1149,69.7624190064795,218.857142857143,1542,1451,91,94.0985732814527,5.90142671854734,926,525,63.8180565127498,36.1819434872502,239600,1249,1068,81,11,382,233,202,61,74.5136186770428,24.7730220492866,15.1102464332036,13.0998702983139,3.95590142671855,18.4176394293126,59.4682230869001,0,333,937,214,1542,1209,100,78.4046692607004,220,110,41.9047619047619,20.952380952381,84950,1243,1227,1227,278,19.1592005513439,476,412
"22033004010","Census Tract 40.10; East Baton Rouge Parish; Louisiana",5603,3630,1286,54,339,64.7867213992504,22.9519900053543,0.963769409245047,6.05033018026058,88292,102132,48725,344,786,813,17.7045805455481,41.8425115800309,119,2.12386221666964,3.24240864642306,0,0,1943,1405,413,72.3108594956253,21.25579001544,530,27.2774060730829,1377,1173,143,85.1851851851852,14.8148148148148,1131,1272,79.98585572843,240.453686200378,2098,1943,155,92.6120114394662,7.38798856053384,1414,529,72.7740607308286,27.2259392691714,238000,1438,1930,62,8,98,55,0,0,94.9475691134414,4.67111534795043,2.62154432793136,0,0,11.8684461391802,35.3193517635844,33,158,1225,479,2065,1907,98.4270734032412,90.8960915157293,314,114,59.3572778827977,21.5500945179584,88292,1360,1285,1285,509,26.1966031909418,776,350
"22033004013","Census Tract 40.13; East Baton Rouge Parish; Louisiana",3672,1093,1627,489,282,29.7657952069717,44.3082788671024,13.3169934640523,7.6797385620915,43730,60734,42695,791,749,207,45.2776187750429,11.8488838008014,671,18.5307925987296,18.2026330852891,34,4.69613259668508,1747,560,917,32.0549513451631,52.4899828277046,241,13.7950772753291,681,128,553,18.7958883994126,81.2041116005874,27,2253,16.5644171779141,142.234848484848,2422,1747,675,72.130470685384,27.869529314616,163,1584,9.33028048082427,90.6697195191757,138400,801,39,231,0,2152,1644,1092,786,11.1478117258464,88.8521882741536,67.8777869529315,45.0867052023121,32.4525185796862,26.3831544178365,51.1147811725846,1001,914,82,0,996,82,41.1230388109001,3.38563170933113,533,272,33.6489898989899,17.1717171717172,43730,858,1082,1082,574,32.8563251287922,132,770
"22033004017","Census Tract 40.17; East Baton Rouge Parish; Louisiana",3841,1213,1855,623,129,31.5803176256183,48.2947149179901,16.2197344441552,3.3585003905233,93125,86250,96959,205,634,536,14.9090909090909,38.9818181818182,168,4.37386097370476,4.94545454545455,0,0,1375,881,298,64.0727272727273,21.6727272727273,239,17.3818181818182,300,248,52,82.6666666666667,17.3333333333333,731,1041,72.5918570009931,282.880434782609,1754,1375,379,78.3922462941847,21.6077537058153,1007,368,73.2363636363636,26.7636363636364,234600,1640,1308,35,0,411,373,354,152,76.5678449258837,23.4321550741163,21.2656784492588,20.1824401368301,8.66590649942987,40.1368301026226,26.7388825541619,50,280,981,350,1631,1351,92.9874572405929,77.023945267959,145,64,39.4021739130435,17.3913043478261,93125,1314,1049,1049,406,29.5272727272727,517,438
"22033004018","Census Tract 40.18; East Baton Rouge Parish; Louisiana",2013,930,1014,10,7,46.1997019374069,50.3725782414307,0.496770988574267,0.347739692001987,61458,72798,27368,182,409,243,21.8225419664269,29.136690647482,263,13.0650769995032,10.431654676259,43,11.4973262032086,834,501,194,60.0719424460432,23.2613908872902,154,18.4652278177458,331,55,158,16.6163141993958,83.3836858006042,356,633,71.3426853707415,188.955223880597,1100,834,266,75.8181818181818,24.1818181818182,499,335,59.832134292566,40.1678657074341,241300,1038,629,108,7,356,231,221,221,67,32.3636363636364,21,20.0909090909091,20.0909090909091,9.27272727272727,46.6363636363636,158,281,482,66,878,597,79.8181818181818,54.2727272727273,188,58,56.1194029850746,17.3134328358209,61458,891,872,872,259,31.0551558752998,165,279
"22033004019","Census Tract 40.19; East Baton Rouge Parish; Louisiana",3412,2537,552,65,182,74.3552168815944,16.1781946072685,1.90504103165299,5.33411488862837,89921,96446,NA,243,626,663,15.8616187989556,43.2767624020888,135,3.96592244418331,6.26631853785901,10,1.72117039586919,1532,1154,362,75.3263707571802,23.6292428198433,320,20.88772845953,573,443,24,77.3123909249564,22.6876090750436,1047,820,86.7439933719967,252.307692307692,1785,1532,253,85.8263305322129,14.1736694677871,1207,325,78.7859007832898,21.2140992167102,376500,1223,1507,16,0,252,252,198,142,85.3221288515406,14.1176470588235,14.1176470588235,11.0924369747899,7.95518207282913,22.3529411764706,29.6918767507003,139,165,740,555,1534,1369,85.9383753501401,76.6946778711485,63,63,19.3846153846154,19.3846153846154,89921,1408,1510,1510,295,19.2558746736292,630,342
"22033004020","Census Tract 40.20; East Baton Rouge Parish; Louisiana",4968,3775,612,224,62,75.9863123993559,12.3188405797101,4.50885668276973,1.24798711755233,102852,178578,34081,469,561,1117,21.8444340940848,52.026082906381,393,7.91062801932367,9.87424312994877,113,10.0623330365093,2147,1340,780,62.4126688402422,36.3297624592455,561,26.1294829995342,1123,1030,93,91.7186108637578,8.28138913624221,1086,1372,77.3504273504274,184.656796769852,3020,2147,873,71.0927152317881,28.9072847682119,1404,743,65.3935724266418,34.6064275733582,464800,1566,1479,48,0,1493,1411,1267,1188,50.5629139072848,49.4370860927152,46.7218543046358,41.953642384106,39.3377483443709,58.2450331125828,6.45695364238411,642,899,632,730,2378,1479,78.7417218543046,48.9735099337748,483,307,65.0067294751009,41.3189771197847,102852,1515,1435,1435,776,36.1434559850955,1088,327
"22033004021","Census Tract 40.21; East Baton Rouge Parish; Louisiana",5251,1991,2274,423,316,37.9165873167016,43.3060369453437,8.05560845553228,6.01790135212341,93362,170847,56088,204,785,837,11.1719605695509,45.8378970427163,258,4.91334983812607,4.27163198247536,35,3.07287093942054,1826,1273,494,69.7152245345016,27.0536692223439,609,33.3515881708653,999,896,62,89.6896896896897,10.3103103103103,881,1444,85.2030947775629,182.323232323232,2113,1826,287,86.4174159962139,13.5825840037861,1034,792,56.6265060240964,43.3734939759036,387400,1410,1278,0,2,833,759,658,322,60.4827259820161,39.4226218646474,35.9204921911974,31.1405584477047,15.2389966871746,59.4415522953147,23.5683861807856,223,484,667,629,1852,1368,87.6478939895883,64.7420728821581,590,135,74.4949494949495,17.0454545454545,93362,1451,1661,1661,674,36.9112814895947,827,152
"22033004022","Census Tract 40.22; East Baton Rouge Parish; Louisiana",5422,2849,975,860,768,52.5451862781262,17.9822943563261,15.8613057912209,14.1645149391368,141806,142865,NA,97,539,1291,5.03373118837571,66.9953295277634,207,3.82554056551469,3.26933056564608,8,0.709849157054126,1927,1590,263,82.5116761805916,13.6481577581733,604,31.3440581214323,1018,891,118,87.524557956778,12.475442043222,1304,1022,92.0254057868737,200.392156862745,2081,1927,154,92.5997116770783,7.40028832292167,1417,510,73.5339906590555,26.4660093409445,433300,1764,1499,79,259,244,210,210,188,75.8289283998078,11.7251321480058,10.0913022585296,10.0913022585296,9.03411821239789,69.1013935607881,7.35223450264296,130,292,814,646,1933,1641,92.8880345987506,78.8563190773666,112,21,21.9607843137255,4.11764705882353,141806,1745,1827,1827,392,20.3425012973534,1032,455
"22033004023","Census Tract 40.23; East Baton Rouge Parish; Louisiana",4150,3137,544,206,292,75.5903614457831,13.1084337349398,4.96385542168675,7.03614457831325,37679,NA,34409,924,803,123,49.9459459459459,6.64864864864865,1818,43.8072289156626,43.7837837837838,0,0,1850,469,569,25.3513513513514,30.7567567567568,0,0,0,0,0,0,0,30,2259,54.5454545454545,125.849582172702,2353,1850,503,78.6230344241394,21.3769655758606,55,1795,2.97297297297297,97.027027027027,138000,1506,93,35,0,2225,1764,1520,1013,5.43986400339992,94.5601359966001,74.9681257968551,64.598385040374,43.0514237144071,66.4258393540161,9.60475988100298,297,1043,569,142,1754,711,74.5431364215895,30.2167445813855,1027,530,57.2144846796657,29.5264623955432,37679,1472,NA,NA,1036,56,868,326
"22033004024","Census Tract 40.24; East Baton Rouge Parish; Louisiana",5264,4225,412,416,218,80.2621580547112,7.82674772036474,7.90273556231003,4.14133738601824,44247,74278,31600,797,942,337,38.3911368015414,16.233140655106,2674,51.2162420992147,43.5452793834297,0,0,2076,412,281,19.8458574181118,13.5356454720617,111,5.34682080924856,100,77,0,77,23,225,2154,34.2987804878049,151.69014084507,2537,2076,461,81.8289318092235,18.1710681907765,656,1420,31.5992292870906,68.4007707129094,188800,1151,628,418,0,1491,938,439,210,41.2297989751675,58.7702010248325,36.9728025226646,17.3039022467481,8.27749310208908,48.8372093023256,10.9184075679937,87,775,1235,297,2307,1532,90.9341742215215,60.3862830114308,723,425,50.9154929577465,29.9295774647887,44247,1145,1127,1127,777,37.4277456647399,604,596
"22033004025","Census Tract 40.25; East Baton Rouge Parish; Louisiana",2311,1785,352,150,77,77.2392903504976,15.2315015144959,6.49069666810904,3.33189095629598,169479,199688,2499,172,92,575,20.5005959475566,68.5339690107271,272,11.7697966248377,14.0643623361144,0,0,839,690,26,82.2407628128725,3.09892729439809,232,27.6519666269368,302,224,73,74.1721854304636,25.8278145695364,636,271,96.2178517397882,152.247191011236,839,839,0,100,0,661,178,78.7842669845054,21.2157330154946,452100,977,673,0,0,166,0,0,0,80.2145411203814,19.7854588796186,0,0,0,40.8820023837902,3.4564958283671,0,166,85,460,839,673,100,80.2145411203814,54,54,30.3370786516854,30.3370786516854,169479,1521,1813,1813,152,18.1168057210965,422,114
"22033004026","Census Tract 40.26; East Baton Rouge Parish; Louisiana",8292,6653,489,686,422,80.2339604438013,5.8972503617945,8.2730342498794,5.08924264351182,149933,157059,NA,148,708,2313,4.67024297885768,72.9883243925529,283,3.41292812349252,4.57557589144841,73,3.48282442748092,3169,2398,671,75.6705585358157,21.173871883875,1257,39.6655096244872,2088,1891,188,90.5651340996169,9.43486590038314,2352,1074,82.122905027933,352.131147540984,3302,3169,133,95.9721380981223,4.02786190187765,2864,305,90.3755127800568,9.6244872199432,389000,1843,3061,46,0,195,195,76,76,94.0944881889764,5.90551181102362,5.90551181102362,2.30163537250151,2.30163537250151,85.5844942459116,1.99878861296184,0,111,1948,1107,3280,3169,99.3337371290127,95.9721380981223,78,59,25.5737704918033,19.344262295082,149933,1969,1994,1994,561,17.7027453455349,2171,551
"22033004027","Census Tract 40.27; East Baton Rouge Parish; Louisiana",1680,1289,221,126,58,76.7261904761905,13.1547619047619,7.5,3.45238095238095,191250,220357,NA,17,141,579,2.30664857530529,78.561736770692,25,1.48809523809524,1.76390773405699,12,5.52995391705069,737,619,103,83.989145183175,13.9755766621438,136,18.4531886024423,211,194,17,91.9431279620853,8.05687203791469,590,188,84.045584045584,537.142857142857,788,737,51,93.5279187817259,6.47208121827411,702,35,95.2510176390773,4.74898236092266,742000,NA,766,22,0,0,0,0,0,100,0,0,0,0,29.6954314720812,9.39086294416244,0,52,259,429,788,736,100,93.4010152284264,0,0,0,0,191250,1733,1783,1783,85,11.5332428765265,413,66
"22033004028","Census Tract 40.28; East Baton Rouge Parish; Louisiana",4025,1253,1538,298,1080,31.1304347826087,38.2111801242236,7.40372670807453,26.832298136646,46083,47917,45313,583,805,114,38.814913448735,7.58988015978695,1386,34.4347826086956,35.219707057257,474,47.2582253240279,1502,799,387,53.1957390146471,25.7656458055925,455,30.2929427430093,933,132,370,14.1479099678457,85.8520900321543,165,2044,39.7590361445783,188.040478380865,1942,1502,440,77.3429454170958,22.6570545829042,415,1087,27.62982689747,72.37017310253,185200,1293,601,204,0,1137,369,244,11,41.4521112255407,58.5478887744593,19.0010298661174,12.5643666323378,0.566426364572606,39.5983522142121,28.0123583934089,245,528,864,175,1621,1093,83.470648815654,56.2821833161689,539,337,49.5860165593376,31.0027598896044,46083,1242,959,959,720,47.9360852197071,418,263
"22033004029","Census Tract 40.29; East Baton Rouge Parish; Louisiana",4191,659,3107,0,529,15.7241708422811,74.1350513004056,0,12.6222858506323,64830,72241,58720,438,927,185,28.258064516129,11.9354838709677,860,20.5201622524457,17.0967741935484,315,22.4039829302987,1550,981,502,63.2903225806452,32.3870967741935,654,42.1935483870968,1321,668,587,50.5677517032551,49.4322482967449,409,1899,72.2614840989399,192.987804878049,1881,1550,331,82.4029771398192,17.5970228601808,566,984,36.5161290322581,63.4838709677419,184900,1204,970,0,74,837,440,351,295,51.5683147262095,44.4976076555024,23.3918128654971,18.6602870813397,15.6831472620946,53.4290271132376,21.0526315789474,107,651,1002,55,1708,1057,90.802764486975,56.1935140882509,436,69,44.3089430894309,7.01219512195122,64830,1178,1120,1120,592,38.1935483870968,491,369
"22033004030","Census Tract 40.30; East Baton Rouge Parish; Louisiana",3811,1292,1296,97,1160,33.9018630280766,34.0068223563369,2.54526371031225,30.4382051954868,55438,73125,43846,404,598,278,31.5625,21.71875,1425,37.3917606927316,39.375,433,40.58106841612,1280,613,325,47.890625,25.390625,364,28.4375,821,187,594,22.7771010962241,77.2228989037759,224,1487,44.8,190.641025641026,1680,1280,400,76.1904761904762,23.8095238095238,500,780,39.0625,60.9375,275900,1112,651,57,0,972,210,108,15,42.1428571428571,57.8571428571429,12.5,6.42857142857143,0.892857142857143,64.7619047619048,11.9047619047619,107,495,714,234,1443,948,85.8928571428571,56.4285714285714,416,196,53.3333333333333,25.1282051282051,55438,1264,1635,1635,516,40.3125,518,293
"22033004031","Census Tract 40.31; East Baton Rouge Parish; Louisiana",5704,3067,1221,383,719,53.7692847124825,21.40603085554,6.71458625525947,12.6051893408135,40071,121027,27618,1088,573,729,45.5230125523013,30.5020920502092,2303,40.375175315568,36.3598326359833,83,10.2216748768473,2390,862,818,36.0669456066946,34.2259414225941,442,18.4937238493724,812,631,92,77.7093596059113,22.2906403940887,541,2207,49.3613138686131,170.556414219475,3143,2390,753,76.0419980909959,23.9580019090041,1096,1294,45.8577405857741,54.1422594142259,306600,1263,1381,44,0,1718,1117,1022,767,45.3388482341712,54.6611517658288,35.5392936684696,32.5167037861915,24.4034362074451,66.4333439389119,14.1266306076996,579,492,1182,446,2224,1732,70.76041998091,55.1065860642698,862,687,66.6151468315301,53.0911901081917,40071,1136,1034,1034,1088,45.5230125523013,478,647
"22033004201","Census Tract 42.01; East Baton Rouge Parish; Louisiana",3999,558,3351,1,50,13.953488372093,83.7959489872468,0.0250062515628907,1.25031257814454,34100,37193,30858,887,677,156,51.5697674418605,9.06976744186047,1629,41.7906618778861,39.2441860465116,819,79.746835443038,1720,877,829,50.9883720930233,48.1976744186046,378,21.9767441860465,820,0,741,0,100,598,1616,74.5635910224439,176.0348583878,1958,1720,238,87.8447395301328,12.1552604698672,802,918,46.6279069767442,53.3720930232558,123000,924,1318,16,364,260,53,53,0,68.1307456588356,13.2788559754852,2.70684371807967,2.70684371807967,0,17.5689479060266,49.2339121552605,0,358,1251,292,1958,1600,100,81.7160367722166,552,273,60.1307189542484,29.7385620915033,34100,862,479,479,735,42.7325581395349,157,641
"22033004203","Census Tract 42.03; East Baton Rouge Parish; Louisiana",2700,348,2196,0,132,12.8888888888889,81.3333333333333,0,4.88888888888889,48356,62746,NA,314,340,138,39.6464646464646,17.4242424242424,896,37.1014492753623,27.5252525252525,373,60.1612903225806,792,594,191,75,24.1161616161616,202,25.5050505050505,545,77,452,14.1284403669725,85.8715596330275,444,699,79.2857142857143,301.293103448276,992,792,200,79.8387096774193,20.1612903225806,560,232,70.7070707070707,29.2929292929293,137700,1179,919,73,0,0,0,0,0,100,0,0,0,0,4.93951612903226,67.4395161290323,9,85,688,210,983,898,99.0927419354839,90.5241935483871,125,112,53.8793103448276,48.2758620689655,48356,1055,916,916,254,32.0707070707071,62,243
"22033004204","Census Tract 42.04; East Baton Rouge Parish; Louisiana",4425,925,3203,0,84,20.9039548022599,72.3841807909605,0,1.89830508474576,42530,51193,35245,599,577,255,41.8588399720475,17.8197064989518,1423,32.9474415373929,29.4199860237596,322,32.3293172690763,1431,1170,200,81.7610062893082,13.9762403913347,595,41.5793151642208,700,223,400,31.8571428571429,68.1428571428571,808,1121,88.3060109289618,217.248062015504,1747,1431,316,81.9118488838008,18.0881511161992,915,516,63.9412997903564,36.0587002096436,108800,871,942,4,358,443,229,229,176,54.1499713795077,25.3577561534058,13.1081854607899,13.1081854607899,10.0744132799084,32.2839152833429,42.9879793932456,197,388,977,174,1550,1162,88.723526044648,66.5140240412135,287,117,55.6201550387597,22.6744186046512,42530,842,637,637,380,26.554856743536,254,611
"22033004205","Census Tract 42.05; East Baton Rouge Parish; Louisiana",6036,559,5438,1,52,9.26110006626905,90.0927766732936,0.0165672630881378,0.861497680583168,63996,66250,NA,333,1248,516,15.8798283261803,24.6065808297568,983,16.2856196156395,8.72675250357654,241,17.6556776556777,2097,1463,538,69.7663328564616,25.655698617072,687,32.761087267525,1112,613,499,55.1258992805755,44.8741007194245,1364,1500,81.4328358208955,355.450236966825,2437,2097,340,86.0484201887567,13.9515798112433,1675,422,79.8760133524082,20.1239866475918,153600,967,1994,0,96,333,136,15,15,81.8219121871153,13.6643414033648,5.58063192449733,0.615510874025441,0.615510874025441,16.1674189577349,53.0160032827247,151,283,1848,155,2286,2003,93.8038572014772,82.1912187115306,106,0,25.1184834123223,0,63996,1134,1164,1164,506,24.1297091082499,438,536
"22033004301","Census Tract 43.01; East Baton Rouge Parish; Louisiana",5882,4135,1023,1,175,70.2992179530772,17.3920435226114,0.0170010200612037,2.97517851071064,82130,92314,NA,400,1137,669,18.1323662737987,30.3263825929284,348,5.91937404320463,9.9274705349048,37,2.38709677419355,2206,1672,534,75.7932910244787,24.2067089755213,636,28.83046237534,1532,1200,263,78.3289817232376,21.6710182767624,1683,899,88.0690737833595,304.745762711864,2628,2206,422,83.9421613394216,16.0578386605784,1911,295,86.6273798730734,13.3726201269266,229700,999,1974,0,416,238,50,16,16,75.1141552511416,9.05631659056317,1.90258751902588,0.60882800608828,0.60882800608828,24.923896499239,38.8127853881278,107,164,1676,666,2521,2357,95.9284627092846,89.6879756468798,143,143,48.4745762711864,48.4745762711864,82130,1207,1267,1267,363,16.4551223934723,626,746
"22033004302","Census Tract 43.02; East Baton Rouge Parish; Louisiana",5765,5218,135,0,313,90.5117085862966,2.3417172593235,0,5.42931483087598,93575,94715,60956,224,942,971,10.4819840898456,45.4375292466074,155,2.70647808625808,5.70893776321947,20,1.33422281521014,2137,1708,261,79.9251286850725,12.2133832475433,884,41.3664014974263,1301,839,388,64.488854727133,35.511145272867,1703,721,84.6000993541977,581.451612903226,2286,2137,149,93.4820647419073,6.51793525809274,2013,124,94.1974730931212,5.8025269068788,200600,NA,1802,0,455,29,0,0,0,78.827646544182,1.26859142607174,0,0,0,28.915135608049,34.6456692913386,0,322,1534,388,2286,1964,100,85.9142607174103,36,0,29.0322580645161,0,93575,747,770,770,417,19.5133364529715,660,1124
"22033004401","Census Tract 44.01; East Baton Rouge Parish; Louisiana",4574,3588,691,30,200,78.4433756012243,15.107127240927,0.655881066899869,4.37254044599913,91635,112827,41205,277,771,904,14.1905737704918,46.3114754098361,217,4.74420638390905,5.78893442622951,0,0,1952,1211,708,62.0389344262295,36.2704918032787,499,25.5635245901639,697,697,0,100,0,1056,1072,68.7052700065062,258.313253012048,2192,1952,240,89.051094890511,10.9489051094891,1537,415,78.7397540983607,21.2602459016393,322800,1469,1646,24,194,328,228,213,213,76.1861313868613,14.963503649635,10.4014598540146,9.71715328467153,9.71715328467153,41.4689781021898,41.742700729927,194,153,705,821,1858,1705,84.7627737226277,77.7828467153285,251,251,60.4819277108434,60.4819277108434,91635,1412,1154,1154,437,22.3872950819672,852,622
"22033004402","Census Tract 44.02; East Baton Rouge Parish; Louisiana",6442,4784,896,83,251,74.2626513505123,13.9087239987581,1.28841974542068,3.89630549518783,106566,113542,63010,246,938,1293,9.93136859103755,52.2002422285022,566,8.78609127600124,8.88171174808236,234,12.6829268292683,2477,1826,539,73.7182075090836,21.7601937828018,1205,48.6475575292693,1774,1239,432,69.8421645997745,30.1578354002255,1616,1155,73.891175125743,398.275862068966,2500,2477,23,99.08,0.92,2187,290,88.292289059346,11.707710940654,254800,1471,2255,23,0,222,222,103,103,91.12,8.88,8.88,4.12,4.12,41.24,21.64,0,364,1580,490,2500,2136,100,85.44,121,80,41.7241379310345,27.5862068965517,106566,1380,1378,1378,669,27.0084779975777,919,566
"22033004403","Census Tract 44.03; East Baton Rouge Parish; Louisiana",6921,5217,1102,0,494,75.3792804508019,15.922554544141,0,7.13769686461494,107924,110068,33856,446,598,1128,20.5340699815838,51.9337016574586,464,6.7042334922699,8.74769797421731,185,9.45807770961145,2172,1853,226,85.3130755064457,10.4051565377532,907,41.7587476979742,1943,1499,399,77.1487390633042,22.8512609366958,1840,513,88.8030888030888,513,2248,2172,76,96.6192170818505,3.38078291814947,2072,100,95.3959484346225,4.60405156537753,306000,1196,2217,16,0,15,0,0,0,99.3327402135231,0.667259786476868,0,0,0,30.5160142348754,48.9768683274021,28,32,1048,926,2220,2188,98.7544483985765,97.3309608540925,84,63,84,63,107924,1376,1442,1442,486,22.3756906077348,1012,757
"22033004503","Census Tract 45.03; East Baton Rouge Parish; Louisiana",6622,1109,2709,362,2760,16.74720628209,40.9090909090909,5.46662639685896,41.6792509815766,56729,72857,49347,318,1172,429,16.5711307972903,22.3553934340803,827,12.8475998135778,13.7050547159979,260,10.8153078202995,1919,1467,427,76.4460656591975,22.2511724856696,870,45.3361125586243,1884,970,715,51.4861995753716,48.5138004246284,1110,1550,84.0909090909091,258.764607679466,1987,1919,68,96.5777554101661,3.42224458983392,1320,599,68.7858259510162,31.2141740489838,168700,1237,1435,17,13,522,19,19,19,73.0749874182184,26.2707599396074,0.956215400100654,0.956215400100654,0.956215400100654,27.4282838449924,34.8263714141922,0,274,1291,276,1953,1679,98.288877705083,84.4992450931052,232,58,38.7312186978297,9.68280467445743,56729,1148,1091,1091,598,31.1620635747785,434,363
"22033004504","Census Tract 45.04; East Baton Rouge Parish; Louisiana",6142,2007,2964,380,672,32.6766525561706,48.2578964506675,6.18690980136763,10.9410615434712,61478,70813,42306,459,1143,593,20.9111617312073,27.0159453302961,291,4.78303747534517,7.15261958997722,66,4.41471571906354,2195,1312,770,59.7722095671982,35.0797266514806,695,31.6628701594533,1472,1151,296,78.1929347826087,21.8070652173913,1089,1423,68.7934301958307,232.516339869281,2458,2195,263,89.300244100895,10.699755899105,1583,612,72.118451025057,27.8815489749431,232000,1624,1962,0,120,376,279,236,116,79.8209926769731,15.2969894222945,11.3506916192026,9.60130187144019,4.71928397070789,22.4165988608625,38.6493083807974,33,280,1444,543,2299,2019,93.5313262815297,82.139951179821,285,248,46.5686274509804,40.5228758169935,61478,1520,1375,1375,820,37.3576309794989,1128,474
"22033004507","Census Tract 45.07; East Baton Rouge Parish; Louisiana",4441,2569,1269,295,138,57.8473316820536,28.5746453501464,6.64264805224049,3.10740824138708,109685,123269,55559,251,417,1004,15.011961722488,60.0478468899521,201,4.52600765593335,9.0311004784689,0,0,1672,1349,315,80.6818181818182,18.8397129186603,448,26.7942583732057,906,651,93,71.8543046357616,28.1456953642384,1275,678,92.7947598253275,227.51677852349,1795,1672,123,93.1476323119777,6.85236768802228,1374,298,82.177033492823,17.822966507177,297000,1356,1441,85,0,269,160,97,56,85.0139275766017,14.9860724233983,8.91364902506964,5.40389972144847,3.11977715877437,17.1030640668524,37.5487465181059,43,221,599,804,1689,1468,94.0947075208914,81.7827298050139,123,63,41.2751677852349,21.1409395973154,109685,1410,1548,1548,329,19.677033492823,712,287
"22033004509","Census Tract 45.09; East Baton Rouge Parish; Louisiana",6727,3158,2269,179,532,46.9451464248551,33.7297458005054,2.66091868589267,7.90842872008325,67003,102535,35989,617,1114,992,22.6588321704003,36.4304076386339,1145,17.3484848484848,18.8395152405435,406,21.5042372881356,2723,1795,851,65.919941241278,31.252295262578,974,35.7693720161586,1825,958,786,52.4931506849315,47.5068493150685,1204,2340,75.5332496863237,207.26306465899,3183,2723,460,85.5482249450204,14.4517750549796,1594,1129,58.5383767903048,41.4616232096952,226300,1037,1731,18,40,1394,872,852,488,54.9481621112158,43.7951617970468,27.3955387998743,26.7672007540057,15.3314483191957,32.3279924599435,11.2158341187559,399,976,1629,118,2754,1778,86.5221489161169,55.8592522777254,937,395,82.9937998228521,34.9867139061116,67003,1195,1272,1272,1150,42.2328314359163,816,868
"22033004511","Census Tract 45.11; East Baton Rouge Parish; Louisiana",5362,1650,2742,5,447,30.7720999627005,51.1376352107423,0.093248787765759,8.33644162625886,67097,82404,61875,599,1030,501,28.1220657276995,23.5211267605634,953,17.7765342286887,17.6056338028169,281,29.7354497354497,2130,1287,567,60.4225352112676,26.6197183098592,729,34.2253521126761,945,275,389,29.1005291005291,70.8994708994709,343,2800,64.1121495327103,175.548589341693,2551,2130,421,83.4966679733438,16.5033320266562,535,1595,25.1173708920188,74.8826291079812,202600,1290,809,90,0,1652,1453,899,402,35.2410819286554,64.7589180713446,56.9580556644453,35.2410819286554,15.7585260682085,32.6930615444924,25.6762054096433,347,903,838,289,2048,1145,80.2822422579381,44.8843590748726,762,406,47.7742946708464,25.4545454545455,67097,1263,858,858,879,41.2676056338028,366,229
"22033004512","Census Tract 45.12; East Baton Rouge Parish; Louisiana",2589,1538,634,307,15,59.4051757435303,24.4882193897258,11.8578601776748,0.579374275782155,134360,149028,NA,53,251,489,6.68348045397226,61.6645649432535,275,10.6218617226728,5.80075662042875,95,13.2311977715877,793,676,52,85.2459016393443,6.55737704918033,269,33.921815889029,718,572,140,79.6657381615599,20.3342618384401,601,281,84.5288326300984,342.682926829268,930,793,137,85.2688172043011,14.7311827956989,711,82,89.6595208070618,10.3404791929382,378500,981,722,56,43,109,19,0,0,83.6559139784946,11.7204301075269,2.04301075268817,0,0,60,2.04301075268817,0,137,165,508,904,767,97.2043010752688,82.4731182795699,46,46,56.0975609756098,56.0975609756098,134360,1415,1539,1539,98,12.3581336696091,371,100
"22033004513","Census Tract 45.13; East Baton Rouge Parish; Louisiana",4732,3354,878,120,124,70.8791208791209,18.5545224006762,2.53592561284869,2.62045646661031,115913,129640,17113,328,342,1013,19.4890077243018,60.1901366607249,523,11.0711261642676,12.3588829471182,264,19.2,1683,1369,253,81.3428401663696,15.0326797385621,594,35.2941176470588,1016,724,285,71.259842519685,28.740157480315,1228,782,85.6943475226797,312.8,1740,1683,57,96.7241379310345,3.27586206896552,1433,250,85.1455733808675,14.8544266191325,344200,NA,1587,0,0,153,125,0,0,91.2068965517241,8.79310344827586,7.18390804597701,0,0,29.1379310344828,31.8965517241379,0,174,706,771,1740,1566,100,90,208,65,83.2,26,115913,1649,1706,1706,340,20.2020202020202,959,419
"22033004514","Census Tract 45.14; East Baton Rouge Parish; Louisiana",2762,2393,254,0,82,86.6401158580739,9.19623461259957,0,2.96886314265025,175208,175208,NA,60,197,752,5.94648166501487,74.5292368681863,45,1.62925416364953,2.97324083250743,0,0,1009,916,72,90.782953419227,7.13577799801784,257,25.4707631318137,465,430,0,92.4731182795699,7.52688172043011,969,115,96.0356788899901,0,1059,1009,50,95.2785646836638,4.72143531633617,1009,0,100,0,388900,NA,1053,0,0,6,6,6,6,99.4334277620397,0.56657223796034,0.56657223796034,0.56657223796034,0.56657223796034,7.2710103871577,20.8687440982059,0,6,282,663,1059,1053,100,99.4334277620397,0,0,0,0,175208,1601,1601,1601,46,4.5589692765114,523,323
"22033004515","Census Tract 45.15; East Baton Rouge Parish; Louisiana",4095,2870,634,66,396,70.0854700854701,15.4822954822955,1.61172161172161,9.67032967032967,112083,112083,NA,128,647,990,7.25212464589235,56.0906515580737,99,2.42290748898678,2.4929178470255,0,0,1765,1109,563,62.8328611898017,31.8980169971671,377,21.3597733711048,720,677,0,94.0277777777778,5.97222222222222,1145,660,64.8725212464589,0,1790,1765,25,98.6033519553073,1.39664804469274,1765,0,100,0,297800,NA,1628,46,34,82,82,0,0,93.5195530726257,4.58100558659218,4.58100558659218,0,0,59.1620111731844,3.46368715083799,0,186,852,639,1733,1547,96.8156424581006,86.4245810055866,0,0,0,0,112083,1590,1590,1590,304,17.2237960339943,961,459
"22033004516","Census Tract 45.16; East Baton Rouge Parish; Louisiana",4574,3796,481,173,171,82.9908176650634,10.5159597726279,3.78224748578924,3.73852208132925,99063,161250,67889,190,1031,1215,7.79967159277504,49.8768472906404,221,4.83165719282903,2.42200328407225,48,6.4343163538874,2436,953,1379,39.1215106732348,56.6091954022989,485,19.9096880131363,721,594,119,82.3855755894591,17.6144244105409,865,1759,43.0348258706468,412.910798122066,2436,2436,0,100,0,2010,426,82.512315270936,17.487684729064,239900,1498,1964,92,33,347,318,197,49,84.4006568144499,14.2446633825944,13.0541871921182,8.08702791461412,2.01149425287356,37.2742200328407,10.1395730706076,145,326,1507,413,2291,1965,94.0476190476191,80.6650246305419,186,63,43.6619718309859,14.7887323943662,99063,1091,NA,NA,419,17.200328407225,814,1038
"22033004602","Census Tract 46.02; East Baton Rouge Parish; Louisiana",6966,2849,3860,92,15,40.8986505885731,55.4120011484353,1.32070054550675,0.215331610680448,71471,86453,62748,514,1321,899,18.8002926115582,32.882223847842,812,11.8470965859352,11.6678858814923,413,22.1923696937131,2734,1805,914,66.020482809071,33.4308705193855,1088,39.7951719092904,1828,1244,435,68.0525164113786,31.9474835886214,1499,1831,77.0298047276465,232.360406091371,2970,2734,236,92.0538720538721,7.94612794612795,1946,788,71.1777615215801,28.8222384784199,237100,1210,2141,0,468,361,259,259,259,72.0875420875421,12.1548821548822,8.72053872053872,8.72053872053872,8.72053872053872,39.3602693602694,30.3030303030303,238,674,1081,895,2717,2043,91.4814814814815,68.7878787878788,333,148,42.258883248731,18.7817258883249,71471,1330,1431,1431,754,27.5786393562546,1024,663
"22033004603","Census Tract 46.03; East Baton Rouge Parish; Louisiana",6259,2492,2824,241,384,39.8146668796932,45.1190285988177,3.8504553443042,6.13516536187889,78813,115625,47813,499,813,1051,21.1172238679645,44.4773592890394,519,8.48732624693377,12.3571730850614,99,6.35022450288647,2363,1712,628,72.4502750740584,26.5763859500635,892,37.748624629708,1482,1063,383,71.7273954116059,28.2726045883941,1467,1246,84.6508944027698,197.777777777778,2726,2363,363,86.6837857666911,13.3162142333089,1733,630,73.338975878121,26.661024121879,351800,1601,1895,21,338,472,472,375,244,70.2861335289802,17.3147468818782,17.3147468818782,13.7564196625092,8.95084372707263,69.002201027146,8.32721936903889,145,481,824,1014,2568,2087,94.2039618488628,76.5590608950844,358,313,56.8253968253968,49.6825396825397,78813,1768,1879,1879,680,28.7769784172662,1274,475
"22033004605","Census Tract 46.05; East Baton Rouge Parish; Louisiana",7319,5082,1813,35,208,69.4357152616478,24.7711435988523,0.478207405383249,2.84191829484902,117819,123264,NA,424,752,1332,16.9059011164274,53.11004784689,127,1.73520972810493,4.78468899521531,0,0,2508,1926,450,76.7942583732057,17.9425837320574,1096,43.7001594896332,1945,1621,17,83.3419023136247,16.6580976863753,1845,992,80.1128962223187,483.90243902439,2594,2508,86,96.6846569005397,3.31534309946029,2303,205,91.8261562998405,8.17384370015949,257000,1397,2057,85,435,17,0,0,0,82.5751734772552,0.655358519660756,0,0,0,44.2945258288358,20.6245181187355,0,109,1766,629,2547,2438,98.1881264456438,93.9861218195837,145,145,70.7317073170732,70.7317073170732,117819,1554,1583,1583,518,20.6539074960128,1361,702
"22033004606","Census Tract 46.06; East Baton Rouge Parish; Louisiana",6340,3099,3117,104,0,48.8801261829653,49.1640378548896,1.6403785488959,0,91430,91984,NA,259,1022,871,12.0353159851301,40.4739776951673,461,7.27129337539432,5.06505576208178,352,18.6737400530504,2152,1847,286,85.8271375464684,13.2899628252788,1114,51.7657992565056,1851,1086,461,58.6709886547812,41.3290113452188,2013,659,101.564076690212,387.647058823529,2211,2152,59,97.3315241971958,2.66847580280416,1982,170,92.1003717472119,7.8996282527881,266400,2041,2133,50,0,28,0,0,0,98.733604703754,1.26639529624604,0,0,0,58.9326096788783,17.5938489371325,0,110,1050,961,2211,2101,100,95.0248756218905,142,142,83.5294117647059,83.5294117647059,91430,1929,1917,1917,845,39.2657992565056,1612,223
"22033004700","Census Tract 47; East Baton Rouge Parish; Louisiana",5733,4583,1027,0,90,79.9406942264085,17.9138321995465,0,1.56985871271586,57099,59679,NA,517,1233,679,21.2844792095513,27.9538904899135,414,7.22135007849294,8.23384108686702,180,19.271948608137,2429,1501,914,61.794977356937,37.6286537669823,521,21.4491560312886,845,523,303,61.8934911242604,38.1065088757396,1503,1189,67.0084707980383,639.247311827957,2710,2429,281,89.6309963099631,10.3690036900369,2243,186,92.3425277892137,7.65747221078633,263100,NA,2050,0,647,0,0,0,0,75.6457564575646,0,0,0,0,41.8819188191882,31.5129151291513,0,417,1768,393,2697,2280,99.520295202952,84.1328413284133,54,0,29.0322580645161,0,57099,892,938,938,723,29.7653355290243,836,1024
"22033004800","Census Tract 48; East Baton Rouge Parish; Louisiana",5149,2992,1629,135,430,58.1083705573898,31.6372111089532,2.6218683239464,8.35113614294038,58971,118194,57978,773,891,587,34.3402932030209,26.0772989782319,2121,41.7273263820578,26.3882718791648,390,44.7247706422018,2251,800,618,35.5397601066193,27.4544646823634,414,18.3918258551755,872,415,457,47.5917431192661,52.408256880734,410,2287,72.9537366548043,135.405565423327,2783,2251,532,80.8839381961912,19.1160618038088,562,1689,24.9666814749,75.0333185251,374000,1268,814,103,0,1866,1395,1245,698,32.9500538986705,67.0499461013295,50.1257635644987,44.7358965145526,25.0808480057492,17.7146963708229,42.6518145885735,422,924,773,405,2212,1288,79.4825727632052,46.2809917355372,764,601,45.2338661930136,35.5831853167555,58971,1285,1442,1442,843,37.4500222123501,651,502
"22033004900","Census Tract 49; East Baton Rouge Parish; Louisiana",4655,3721,243,168,22,79.9355531686359,5.22019334049409,3.60902255639098,0.472610096670247,110793,142156,67589,144,580,897,8.88340530536706,55.3362122146823,231,4.96240601503759,8.0814312152992,53,4.01211203633611,1621,1035,493,63.8494756323257,30.4133251079581,471,29.0561381863047,1265,1208,53,95.4940711462451,4.50592885375494,944,823,71.6780561883068,270.723684210526,1935,1621,314,83.7726098191214,16.2273901808786,1317,304,81.2461443553362,18.7538556446638,394600,1214,1629,0,12,294,242,241,0,84.1860465116279,15.1937984496124,12.5064599483204,12.4547803617571,0,10.9043927648579,53.5917312661499,202,52,754,684,1733,1681,89.5607235142119,86.8733850129199,140,28,46.0526315789474,9.21052631578947,110793,1237,1280,1280,366,22.5786551511413,774,380
"22033005000","Census Tract 50; East Baton Rouge Parish; Louisiana",3816,3061,128,276,415,80.2148846960168,3.35429769392034,7.23270440251572,10.8752620545073,118464,123387,NA,111,582,908,6.93316677076827,56.7145534041224,233,6.10587002096436,3.06058713304185,18,2.75229357798165,1601,1256,337,78.4509681449094,21.0493441599001,333,20.7995003123048,648,572,76,88.2716049382716,11.7283950617284,1370,684,90.6084656084656,768.539325842697,1626,1601,25,98.4624846248462,1.53751537515375,1512,89,94.4409743910056,5.55902560899438,290600,1494,1626,0,0,0,0,0,0,100,0,0,0,0,6.21156211562116,73.8007380073801,0,20,877,612,1620,1600,99.6309963099631,98.4009840098401,46,20,51.685393258427,22.4719101123595,118464,892,844,844,122,7.62023735165522,519,727
"22033005100","Census Tract 51; East Baton Rouge Parish; Louisiana",2832,1040,1505,198,54,36.7231638418079,53.1426553672316,6.99152542372881,1.90677966101695,46512,31364,48199,899,612,476,45.2440865626573,23.9557121288374,744,26.3362831858407,20.9864116758933,235,69.7329376854599,1987,312,1556,15.7020634121792,78.3090085556115,118,5.93860090588827,331,44,141,13.2930513595166,86.7069486404834,95,2148,42.0353982300885,121.976149914821,2297,1987,310,86.5041358293426,13.4958641706574,226,1761,11.3739305485657,88.6260694514343,NA,1065,862,10,0,1425,1292,1266,1100,37.9625598606879,62.0374401393122,56.247279059643,55.1153678711363,47.8885502829778,17.7187636047018,77.9277318241184,845,716,350,7,1073,357,46.7131040487592,15.5420113191119,766,193,43.4980124929018,10.9596819988643,46512,1035,687,687,824,41.4695520885757,440,783
"22033005200","Census Tract 52; East Baton Rouge Parish; Louisiana",2148,628,1437,0,67,29.2364990689013,66.8994413407821,0,3.11918063314711,50197,80656,34145,376,352,247,38.5641025641026,25.3333333333333,532,24.7672253258845,25.2307692307692,166,37.7272727272727,975,421,498,43.1794871794872,51.0769230769231,226,23.1794871794872,418,136,271,32.5358851674641,67.4641148325359,135,1192,44.7019867549669,177.117384843982,1353,975,378,72.0620842572062,27.9379157427938,302,673,30.974358974359,69.025641025641,267600,985,840,29,0,484,228,223,157,64.2276422764228,35.7723577235772,16.8514412416851,16.4818920916482,11.6038433111604,21.7294900221729,73.9837398373984,348,405,470,89,973,568,71.9142645971914,41.9807834441981,348,211,51.7087667161961,31.3521545319465,50197,1059,1167,1167,444,45.5384615384615,225,274
"22033005300","Census Tract 53; East Baton Rouge Parish; Louisiana",3517,389,2782,9,56,11.0605629798123,79.1015069661644,0.255899914700028,1.59226613591129,29153,69167,21390,766,536,151,52.7185134205093,10.3922918100482,1132,32.4727481353987,38.4033035099794,138,24,1453,853,568,58.7061252580867,39.0915347556779,446,30.6951135581555,281,0,170,0,100,314,1808,90.7514450867052,163.324299909666,1849,1453,396,78.5830178474851,21.4169821525149,346,1107,23.81280110117,76.18719889883,188600,910,825,228,9,787,558,518,417,56.9497025419145,42.5635478637101,30.178474851271,28.0151433207139,22.5527312060573,15.6841535965387,72.9583558680368,343,660,507,51,1218,558,65.8734451054624,30.178474851271,581,408,52.4841915085818,36.8563685636856,29153,879,531,531,637,43.8403303509979,143,631
"22033980000","Census Tract 9800; East Baton Rouge Parish; Louisiana",0,0,0,0,0,0,0,0,0,NA,NA,NA,0,0,0,0,0,0,0,0,0,0,0,0,0,0,0,0,0,0,0,0,0,0,0,0,0,0,0,0,0,0,0,0,0,0,0,NA,NA,0,0,0,0,0,0,0,0,0,0,0,0,0,0,0,0,0,0,0,0,0,0,0,0,0,0,NA,NA,NA,NA,0,0,0,0
